seq,skin_share,task,side,mediapipe_G0_det,mediapipe_G1_det,mediapipe_G2_det,mediapipe_G3a_det,mediapipe_G3b_k1_det,mediapipe_G3b_k2_det,mediapipe_G3b_k3_det,mediapipe_G3b_k4_det,mediapipe_G4_det,mediapipe_G4b_k4_det,wilor_G0_det,wilor_G1_det,wilor_G2_det,wilor_G3a_det,wilor_G3b_k1_det,wilor_G3b_k2_det,wilor_G3b_k3_det,wilor_G3b_k4_det,wilor_G4_det,wilor_G4b_k4_det,wilor_G0_pa,wilor_G1_pa,wilor_G2_pa,wilor_G3a_pa,wilor_G3b_k1_pa,wilor_G3b_k2_pa,wilor_G3b_k3_pa,wilor_G3b_k4_pa,wilor_G4_pa,wilor_G4b_k4_pa,flag,pa_outlier_in
20200709_142123,0.154,002_master_chef_can,right,0.9296,0,0.09155,0,0,0,0,0,0,0,1,1,0.9859,0.993,1,1,1,1,1,1,4.097,4.161,5.944,7.771,8.091,8.779,9.212,9.543,8.886,12.3,copper-lid glove bleed (002_master_chef_can),
20200709_142446,0.1056,003_cracker_box,left,0.7535,0,0.007042,0,0,0,0,0,0,0,1,1,0.9577,0.9577,0.9437,0.9155,0.8873,0.8662,1,0.9155,6.916,6.895,9.031,9.856,10.01,10.47,10.84,11.13,9.381,11.21,,"G0,G2,G3a,G4"
20200709_142802,0.07531,004_sugar_box,right,0.6087,0,0.05072,0.007246,0.007246,0,0,0,0,0,1,1,1,1,0.9855,0.9638,0.8986,0.8623,1,0.9565,3.957,3.711,4.369,4.692,5.346,6.026,6.544,7.008,5.072,6.535,,
20200709_143125,0.09655,005_tomato_soup_can,right,0.9574,0,0.07092,0.007092,0,0,0.007092,0,0,0,1,1,0.9929,1,0.9929,0.9929,0.9929,1,1,1,2.77,4.198,4.02,4.683,4.975,5.199,5.35,5.792,4.589,6.828,,
20200709_143531,0.09386,006_mustard_bottle,left,0.8322,0,0,0.01399,0,0,0,0,0,0,1,1,1,0.951,0.9371,0.9441,0.9371,0.9441,0.993,0.993,4.374,5.152,6.412,8.068,8.689,9.441,10.28,11.26,8.341,11.56,,
20200709_143907,0.09353,007_tuna_fish_can,right,0.9552,0,0.007463,0,0,0,0,0,0,0,1,1,1,0.9104,0.8955,0.8881,0.903,0.903,1,0.9552,4.341,5.26,7.12,8.221,8.676,9.147,9.903,10.24,9.026,11.98,,
20200709_144313,0.1701,008_pudding_box,right,0.9466,0,0.007634,0,0,0,0,0,0,0,1,1,0.9847,0.9771,0.9695,0.9695,0.9695,0.9771,1,1,3.195,3.976,5.565,7.4,8.255,8.917,9.604,10.05,7.289,10.08,,
20200709_144735,0.04147,009_gelatin_box,left,0.9514,0,0,0,0,0,0,0,0,0,1,1,0.9861,0.9792,0.9861,0.9653,0.9653,0.9583,1,0.9931,5.141,6.242,6.255,7.485,7.336,7.308,7.342,7.39,7.483,7.407,,
20200709_145132,0.04461,010_potted_meat_can,left,0.993,0,0,0,0,0,0,0,0,0,1,1,1,0.993,0.9859,0.993,0.9859,0.9789,1,0.9155,4.43,5.243,5.389,5.828,5.826,5.978,6.17,6.535,6.233,6.533,,
20200709_145743,0.05711,011_banana,left,0.9718,0.03521,0.1831,0.1056,0.05634,0.03521,0.02817,0.02113,0,0,1,1,0.9789,0.9718,0.9718,0.9648,0.9437,0.9437,0.9789,0.9718,4.972,5.515,6.795,7.748,8.042,8.814,9.412,9.846,7.331,10.65,,
20200709_150144,0.05811,019_pitcher_base,right,0.9927,0.08029,0.4088,0.3504,0.1387,0.0438,0.0292,0.007299,0.007299,0,1,1,0.9489,0.9927,0.9854,0.9781,0.9781,0.9489,1,1,4.51,4.671,5.573,7.195,7.448,7.84,8.197,8.585,7.126,10.87, EXCLUDED(main),
20200709_150524,0.04649,021_bleach_cleanser,left,0.9275,0,0.02899,0.06522,0.03623,0.02174,0,0,0,0,1,1,0.9203,0.9203,0.9203,0.9058,0.8986,0.9058,0.971,0.9638,5.369,4.866,6.407,7.305,7.761,8.454,9.099,9.764,7.392,11.53,,
20200709_150906,0.1358,024_bowl,right,0.9927,0.05839,0.2555,0.1022,0.07299,0.06569,0.05839,0.0365,0.0219,0,1,1,0.9708,0.9854,0.9927,0.9927,0.9854,0.9854,0.9927,0.9927,4.703,5.345,6.118,6.665,6.946,7.313,7.565,7.807,6.87,8.033,,
20200709_151246,0.06478,025_mug,left,0.971,0,0,0,0,0,0,0,0,0,1,1,1,0.9855,1,0.9928,0.971,0.9638,1,1,5.018,5.718,6.152,6.585,6.908,7.353,7.957,8.934,6.84,9.377,,
20200709_151632,0.06796,035_power_drill,left,0.9167,0.06944,0.04167,0.006944,0,0,0,0,0,0,1,1,0.8264,0.875,0.875,0.875,0.8681,0.8611,0.8889,0.8611,4.677,5.901,7.587,6.402,6.609,6.875,6.987,7.035,6.864,8.229,,
20200709_151948,0.166,036_wood_block,right,0.95,0.01667,0,0.03333,0,0,0,0,0,0,1,1,0.9333,0.975,0.9583,0.9333,0.9417,0.9167,1,1,4.579,5.393,5.889,6.137,6.52,7.228,7.583,8.021,6.419,7.452,,
20200709_152420,0.03681,037_scissors,left,1,0,0.0473,0.01351,0,0,0,0,0,0,1,1,0.9932,0.973,0.9932,0.9865,0.9797,0.9865,0.9932,1,5.954,6.935,7.438,7.247,7.389,7.577,7.771,8.085,7.815,9.463,,
20200709_152757,0.08337,040_large_marker,left,1,0.006944,0.006944,0.006944,0,0,0,0.006944,0,0,1,1,1,0.8819,0.8194,0.75,0.6944,0.7083,0.9653,0.9306,3.554,4.046,4.902,6.132,5.768,5.439,5.379,5.51,7.124,6.311,,
20200709_153148,0.04782,052_extra_large_clamp,right,1,0.2153,0.2222,0.09722,0.0625,0.02778,0.02778,0.01389,0.03472,0,1,1,0.9931,0.9444,0.9514,0.9583,0.9583,0.9514,0.9931,0.9861,3.94,4.077,5.62,6.024,6.118,6.163,6.447,7.08,5.623,7.662,,
20200709_153548,0.1118,061_foam_brick,right,1,0.1831,0.07042,0.07042,0.01408,0.007042,0.007042,0,0.02113,0,1,1,1,0.993,1,1,0.9789,0.9789,1,0.993,4.213,4.681,5.624,7.201,7.513,7.614,7.699,7.689,7.168,8.383,,
