scope,model,cond,metric,mean,ci_lo,ci_hi,n_seq,delta_vs_G0,d_lo,d_hi
per_view_detected,hamer,G0,det_rate,1,1,1,19,,,
per_view_detected,hamer,G0,epe2d_px,4.323,4.01,4.62,19,,,
per_view_detected,hamer,G0,pck02,0.9842,0.9782,0.9899,19,,,
per_view_detected,hamer,G0,mpjpe_rel_mm,6.556,6.111,7.012,19,,,
per_view_detected,hamer,G0,pa_mpjpe_mm,3.782,3.438,4.113,19,,,
per_view_detected,hamer,G0,mpjpe_abs_mm,20.02,17.64,22.59,19,,,
per_view_detected,hamer,G0,root_err_mm,19.07,16.97,21.35,19,,,
per_view_detected,hamer,G0,wrist_depth_err_mm,36.3,22.39,57.08,19,,,
per_view_detected,hamer,G0,aperture_err_mm,6.03,5.146,7.002,19,,,
per_view_detected,hamer,G1,det_rate,1,1,1,19,0,0,0
per_view_detected,hamer,G1,epe2d_px,4.887,4.635,5.162,19,0.5634,0.3929,0.7055
per_view_detected,hamer,G1,pck02,0.9761,0.9675,0.9837,19,-0.008175,-0.01407,-0.002272
per_view_detected,hamer,G1,mpjpe_rel_mm,10.64,9.898,11.45,19,4.083,3.401,4.801
per_view_detected,hamer,G1,pa_mpjpe_mm,4.776,4.402,5.161,19,0.9935,0.7993,1.166
per_view_detected,hamer,G1,mpjpe_abs_mm,34.13,31.02,37.36,19,14.11,10.67,17.56
per_view_detected,hamer,G1,root_err_mm,32.49,29.74,35.53,19,13.42,10.22,16.67
per_view_detected,hamer,G1,wrist_depth_err_mm,53.96,39.46,72.04,19,17.66,12.05,23.65
per_view_detected,hamer,G1,aperture_err_mm,7.629,6.485,8.935,19,1.598,0.8175,2.377
per_view_detected,hamer,G2,det_rate,0.9749,0.9528,0.9903,19,-0.02508,-0.04468,-0.00912
per_view_detected,hamer,G2,epe2d_px,7.223,6.773,7.745,19,2.9,2.539,3.304
per_view_detected,hamer,G2,pck02,0.9174,0.8942,0.9369,19,-0.0668,-0.08732,-0.04823
per_view_detected,hamer,G2,mpjpe_rel_mm,17.61,16.16,19.18,19,11.06,9.671,12.56
per_view_detected,hamer,G2,pa_mpjpe_mm,6.123,5.61,6.695,19,2.341,2.02,2.656
per_view_detected,hamer,G2,mpjpe_abs_mm,37.06,33.41,40.68,19,17.03,13.7,20.6
per_view_detected,hamer,G2,root_err_mm,36.44,33.21,40.01,19,17.37,14.06,20.7
per_view_detected,hamer,G2,wrist_depth_err_mm,55,40.3,75.7,19,18.7,4.005,34.08
per_view_detected,hamer,G2,aperture_err_mm,12.43,10.26,14.64,19,6.398,4.317,8.564
per_view_detected,hamer,G3a,det_rate,0.9614,0.9434,0.9776,19,-0.03859,-0.05622,-0.02323
per_view_detected,hamer,G3a,epe2d_px,8.297,7.861,8.754,19,3.974,3.49,4.502
per_view_detected,hamer,G3a,pck02,0.886,0.8663,0.9045,19,-0.09824,-0.1169,-0.08099
per_view_detected,hamer,G3a,mpjpe_rel_mm,23.85,21.61,26.56,19,17.3,14.94,20.1
per_view_detected,hamer,G3a,pa_mpjpe_mm,7.097,6.554,7.592,19,3.315,2.855,3.741
per_view_detected,hamer,G3a,mpjpe_abs_mm,48.23,44.75,51.93,19,28.21,23.41,33.08
per_view_detected,hamer,G3a,root_err_mm,52.18,48.01,56.42,19,33.11,28.1,38.44
per_view_detected,hamer,G3a,wrist_depth_err_mm,78.47,58.43,101.3,19,42.18,30.49,55.75
per_view_detected,hamer,G3a,aperture_err_mm,17.51,14.59,20.67,19,11.48,8.457,14.88
per_view_detected,hamer,G3b_k1,det_rate,0.9568,0.9329,0.9765,19,-0.04324,-0.06693,-0.02444
per_view_detected,hamer,G3b_k1,epe2d_px,8.643,8.247,9.037,19,4.319,3.869,4.773
per_view_detected,hamer,G3b_k1,pck02,0.8702,0.8461,0.8905,19,-0.114,-0.1381,-0.09431
per_view_detected,hamer,G3b_k1,mpjpe_rel_mm,24.35,22.34,26.43,19,17.79,15.67,20.21
per_view_detected,hamer,G3b_k1,pa_mpjpe_mm,7.311,6.754,7.894,19,3.529,3.082,3.994
per_view_detected,hamer,G3b_k1,mpjpe_abs_mm,55.36,51.31,59.5,19,35.34,30.17,40.36
per_view_detected,hamer,G3b_k1,root_err_mm,62.03,56.76,67.22,19,42.96,37.38,48.96
per_view_detected,hamer,G3b_k1,wrist_depth_err_mm,84.35,67.06,105.8,19,48.05,39.16,59.52
per_view_detected,hamer,G3b_k1,aperture_err_mm,18.42,15.16,21.96,19,12.39,9.181,16.01
per_view_detected,hamer,G3b_k2,det_rate,0.9469,0.9162,0.9705,19,-0.0531,-0.0805,-0.0286
per_view_detected,hamer,G3b_k2,epe2d_px,9.265,8.865,9.71,19,4.942,4.529,5.373
per_view_detected,hamer,G3b_k2,pck02,0.8398,0.8112,0.8649,19,-0.1445,-0.1718,-0.1211
per_view_detected,hamer,G3b_k2,mpjpe_rel_mm,24.85,23.21,26.52,19,18.3,16.56,20.14
per_view_detected,hamer,G3b_k2,pa_mpjpe_mm,7.547,6.98,8.095,19,3.765,3.299,4.229
per_view_detected,hamer,G3b_k2,mpjpe_abs_mm,69.7,65.06,74.51,19,49.68,43.9,55.18
per_view_detected,hamer,G3b_k2,root_err_mm,78.34,72.19,84.61,19,59.27,52.61,65.87
per_view_detected,hamer,G3b_k2,wrist_depth_err_mm,97.99,82.5,116.8,19,61.69,45.77,77.56
per_view_detected,hamer,G3b_k2,aperture_err_mm,19.3,16.1,23.03,19,13.27,10.02,16.91
per_view_detected,hamer,G3b_k3,det_rate,0.9347,0.901,0.9613,19,-0.0653,-0.1028,-0.03866
per_view_detected,hamer,G3b_k3,epe2d_px,9.79,9.356,10.27,19,5.467,5.054,5.912
per_view_detected,hamer,G3b_k3,pck02,0.814,0.7803,0.8436,19,-0.1702,-0.203,-0.1399
per_view_detected,hamer,G3b_k3,mpjpe_rel_mm,25.46,23.98,26.95,19,18.9,17.29,20.62
per_view_detected,hamer,G3b_k3,pa_mpjpe_mm,7.712,7.07,8.33,19,3.93,3.457,4.432
per_view_detected,hamer,G3b_k3,mpjpe_abs_mm,80.81,75.41,85.72,19,60.78,55.17,66.39
per_view_detected,hamer,G3b_k3,root_err_mm,89.95,82.94,96.55,19,70.88,64.14,77.45
per_view_detected,hamer,G3b_k3,wrist_depth_err_mm,113,94.01,136.6,19,76.75,65.29,90.98
per_view_detected,hamer,G3b_k3,aperture_err_mm,19.54,16.4,23.23,19,13.51,10.38,16.95
per_view_detected,hamer,G3b_k4,det_rate,0.9311,0.8981,0.9596,19,-0.06888,-0.1034,-0.04163
per_view_detected,hamer,G3b_k4,epe2d_px,10.47,9.959,11.05,19,6.143,5.662,6.707
per_view_detected,hamer,G3b_k4,pck02,0.783,0.7463,0.818,19,-0.2012,-0.2362,-0.1685
per_view_detected,hamer,G3b_k4,mpjpe_rel_mm,26.03,24.68,27.49,19,19.47,18.05,21.02
per_view_detected,hamer,G3b_k4,pa_mpjpe_mm,7.883,7.249,8.547,19,4.101,3.616,4.6
per_view_detected,hamer,G3b_k4,mpjpe_abs_mm,93.89,88.29,99.15,19,73.86,67.74,80.04
per_view_detected,hamer,G3b_k4,root_err_mm,102.8,95.34,109.8,19,83.78,75.96,90.66
per_view_detected,hamer,G3b_k4,wrist_depth_err_mm,122.8,107.1,142.9,19,86.5,70.02,102.6
per_view_detected,hamer,G3b_k4,aperture_err_mm,19.65,16.35,23.01,19,13.62,10.32,17.04
per_view_detected,hamer,G4,det_rate,0.9878,0.9748,0.9971,19,-0.01215,-0.02537,-0.002927
per_view_detected,hamer,G4,epe2d_px,9.154,8.301,10.06,19,4.831,4.062,5.782
per_view_detected,hamer,G4,pck02,0.836,0.7997,0.8705,19,-0.1482,-0.1884,-0.1157
per_view_detected,hamer,G4,mpjpe_rel_mm,23.2,20.92,25.61,19,16.64,14.5,19.12
per_view_detected,hamer,G4,pa_mpjpe_mm,7.144,6.596,7.695,19,3.362,2.932,3.752
per_view_detected,hamer,G4,mpjpe_abs_mm,48.94,41.23,57.35,19,28.92,20.14,38.12
per_view_detected,hamer,G4,root_err_mm,48.12,41.27,56.14,19,29.05,21.33,37.23
per_view_detected,hamer,G4,wrist_depth_err_mm,66.26,47.57,89.01,19,29.96,18.97,40.85
per_view_detected,hamer,G4,aperture_err_mm,17.13,14.69,19.94,19,11.1,8.678,13.8
per_view_detected,hamer,G4b_k4,det_rate,0.9695,0.9508,0.9854,19,-0.03047,-0.0487,-0.01549
per_view_detected,hamer,G4b_k4,epe2d_px,13.3,12.2,14.45,19,8.978,7.891,10.06
per_view_detected,hamer,G4b_k4,pck02,0.6645,0.6113,0.7091,19,-0.3197,-0.3714,-0.2733
per_view_detected,hamer,G4b_k4,mpjpe_rel_mm,29.75,27.01,32.97,19,23.19,20.72,26.17
per_view_detected,hamer,G4b_k4,pa_mpjpe_mm,8.539,7.805,9.248,19,4.757,4.199,5.343
per_view_detected,hamer,G4b_k4,mpjpe_abs_mm,70.71,66.72,74.36,19,50.69,46.41,55.43
per_view_detected,hamer,G4b_k4,root_err_mm,65.8,61.86,69.81,19,46.73,42.74,50.95
per_view_detected,hamer,G4b_k4,wrist_depth_err_mm,82.9,65.35,102.2,19,46.6,36.52,57.62
per_view_detected,hamer,G4b_k4,aperture_err_mm,22.92,19.79,26.32,19,16.89,14.08,20.37
per_view_detected,mediapipe,G0,det_rate,0.9293,0.8842,0.9667,19,,,
per_view_detected,mediapipe,G0,epe2d_px,7.595,6.811,8.337,19,,,
per_view_detected,mediapipe,G0,pck02,0.9054,0.8814,0.929,19,,,
per_view_detected,mediapipe,G1,det_rate,0.03079,0.007116,0.06212,19,-0.8985,-0.9386,-0.8508
per_view_detected,mediapipe,G1,epe2d_px,7.192,6.31,8.086,7,0.8408,-0.1958,2.223
per_view_detected,mediapipe,G1,pck02,0.9296,0.8963,0.9605,7,-0.01761,-0.06838,0.02751
per_view_detected,mediapipe,G2,det_rate,0.05744,0.02665,0.09315,19,-0.8719,-0.9141,-0.82
per_view_detected,mediapipe,G2,epe2d_px,9.997,8.104,11.95,14,2.476,0.4499,4.778
per_view_detected,mediapipe,G2,pck02,0.8371,0.7524,0.9114,14,-0.06733,-0.1678,0.02035
per_view_detected,mediapipe,G3a,det_rate,0.02788,0.01235,0.04498,19,-0.9014,-0.9382,-0.8558
per_view_detected,mediapipe,G3a,epe2d_px,13.77,10.7,17.43,12,6.649,3.86,10.14
per_view_detected,mediapipe,G3a,pck02,0.7266,0.5913,0.8462,12,-0.1919,-0.3216,-0.08286
per_view_detected,mediapipe,G3b_k1,det_rate,0.01313,0.003727,0.02452,19,-0.9162,-0.9523,-0.8696
per_view_detected,mediapipe,G3b_k1,epe2d_px,12.35,9.401,16.6,6,5.648,3.546,9.303
per_view_detected,mediapipe,G3b_k1,pck02,0.7931,0.6231,0.9042,6,-0.1444,-0.3022,-0.04302
per_view_detected,mediapipe,G3b_k2,det_rate,0.008288,0.001853,0.01686,19,-0.921,-0.9583,-0.8738
per_view_detected,mediapipe,G3b_k2,epe2d_px,13.05,9.279,16.82,5,6.255,3.143,9.408
per_view_detected,mediapipe,G3b_k2,pck02,0.7729,0.6394,0.9063,5,-0.165,-0.2866,-0.04341
per_view_detected,mediapipe,G3b_k3,det_rate,0.006762,0.0007439,0.01378,19,-0.9226,-0.959,-0.8736
per_view_detected,mediapipe,G3b_k3,epe2d_px,19.41,8.892,33.53,5,12.41,2.766,25.85
per_view_detected,mediapipe,G3b_k3,pck02,0.6429,0.3429,0.9119,5,-0.2786,-0.5348,-0.04171
per_view_detected,mediapipe,G3b_k4,det_rate,0.004129,0.000731,0.0088,19,-0.9252,-0.9619,-0.8801
per_view_detected,mediapipe,G3b_k4,epe2d_px,18.19,9.497,24.89,4,12.15,4.401,19.22
per_view_detected,mediapipe,G3b_k4,pck02,0.5516,0.3016,0.869,4,-0.4041,-0.6655,-0.1138
per_view_detected,mediapipe,G4,det_rate,0.004092,0,0.008899,19,-0.9252,-0.9614,-0.8801
per_view_detected,mediapipe,G4,epe2d_px,7.169,5.895,9.476,3,0.6849,-0.4512,1.254
per_view_detected,mediapipe,G4,pck02,0.9471,0.8889,1,3,0.009266,-0.04464,0.0617
per_view_detected,mediapipe,G4b_k4,det_rate,0,0,0,19,-0.9293,-0.9658,-0.8809
per_view_detected,wilor,G0,det_rate,1,1,1,19,,,
per_view_detected,wilor,G0,epe2d_px,4.852,4.528,5.179,19,,,
per_view_detected,wilor,G0,pck02,0.9796,0.9716,0.9865,19,,,
per_view_detected,wilor,G0,mpjpe_rel_mm,8.806,8.225,9.44,19,,,
per_view_detected,wilor,G0,pa_mpjpe_mm,4.537,4.142,4.947,19,,,
per_view_detected,wilor,G0,mpjpe_abs_mm,22.17,19.98,24.44,19,,,
per_view_detected,wilor,G0,root_err_mm,20.61,18.36,22.92,19,,,
per_view_detected,wilor,G0,wrist_depth_err_mm,34.8,23.46,48.41,19,,,
per_view_detected,wilor,G0,aperture_err_mm,6.846,5.838,7.938,19,,,
per_view_detected,wilor,G1,det_rate,1,1,1,19,0,0,0
per_view_detected,wilor,G1,epe2d_px,5.588,5.238,5.906,19,0.7357,0.5728,0.9033
per_view_detected,wilor,G1,pck02,0.9652,0.9545,0.9753,19,-0.01447,-0.0224,-0.007378
per_view_detected,wilor,G1,mpjpe_rel_mm,11.1,10.24,12.03,19,2.296,1.603,3.033
per_view_detected,wilor,G1,pa_mpjpe_mm,5.122,4.716,5.553,19,0.585,0.3577,0.7919
per_view_detected,wilor,G1,mpjpe_abs_mm,49.81,45.22,54.26,19,27.64,21.67,33.22
per_view_detected,wilor,G1,root_err_mm,47.83,43.02,52.36,19,27.22,21.01,32.8
per_view_detected,wilor,G1,wrist_depth_err_mm,62.8,52.47,75.64,19,27.99,22.39,33.15
per_view_detected,wilor,G1,aperture_err_mm,8.759,7.674,9.876,19,1.913,1.186,2.629
per_view_detected,wilor,G2,det_rate,0.9749,0.9533,0.9905,19,-0.02508,-0.04528,-0.009589
per_view_detected,wilor,G2,epe2d_px,7.127,6.582,7.762,19,2.275,1.805,2.822
per_view_detected,wilor,G2,pck02,0.9099,0.8794,0.9361,19,-0.0698,-0.0924,-0.04873
per_view_detected,wilor,G2,mpjpe_rel_mm,18.03,16.48,19.63,19,9.222,7.842,10.59
per_view_detected,wilor,G2,pa_mpjpe_mm,6.139,5.667,6.641,19,1.602,1.333,1.883
per_view_detected,wilor,G2,mpjpe_abs_mm,37.39,33.99,41.37,19,15.21,10.94,19.36
per_view_detected,wilor,G2,root_err_mm,40.9,37.14,44.94,19,20.3,16.01,24.69
per_view_detected,wilor,G2,wrist_depth_err_mm,60.08,42.6,81.25,19,25.27,14.05,38
per_view_detected,wilor,G2,aperture_err_mm,12.42,9.778,15.34,19,5.571,3.244,8.089
per_view_detected,wilor,G3a,det_rate,0.9614,0.9429,0.9772,19,-0.03859,-0.05678,-0.02266
per_view_detected,wilor,G3a,epe2d_px,7.94,7.452,8.455,19,3.088,2.576,3.595
per_view_detected,wilor,G3a,pck02,0.8861,0.8616,0.9088,19,-0.09356,-0.1135,-0.07488
per_view_detected,wilor,G3a,mpjpe_rel_mm,25.61,22.88,28.09,19,16.8,14.11,19.43
per_view_detected,wilor,G3a,pa_mpjpe_mm,6.918,6.389,7.439,19,2.382,1.959,2.811
per_view_detected,wilor,G3a,mpjpe_abs_mm,48.87,43.08,55.12,19,26.7,20.19,33.62
per_view_detected,wilor,G3a,root_err_mm,56.43,49.97,63.11,19,35.83,29.17,42.79
per_view_detected,wilor,G3a,wrist_depth_err_mm,81.38,58.42,113.1,19,46.58,30.06,65.94
per_view_detected,wilor,G3a,aperture_err_mm,16.6,12.86,20.69,19,9.755,6.262,13.47
per_view_detected,wilor,G3b_k1,det_rate,0.9568,0.9337,0.9761,19,-0.04324,-0.06682,-0.02347
per_view_detected,wilor,G3b_k1,epe2d_px,8.476,7.972,9.066,19,3.624,3.054,4.2
per_view_detected,wilor,G3b_k1,pck02,0.8652,0.8382,0.8905,19,-0.1144,-0.1388,-0.09089
per_view_detected,wilor,G3b_k1,mpjpe_rel_mm,26.74,24.26,29.25,19,17.93,15.42,20.39
per_view_detected,wilor,G3b_k1,pa_mpjpe_mm,7.199,6.663,7.767,19,2.662,2.221,3.128
per_view_detected,wilor,G3b_k1,mpjpe_abs_mm,59.1,52.18,66.53,19,36.92,29.34,44.65
per_view_detected,wilor,G3b_k1,root_err_mm,71.25,64.43,78.69,19,50.64,42.61,58.91
per_view_detected,wilor,G3b_k1,wrist_depth_err_mm,99.13,73.54,129.9,19,64.33,45.81,83.85
per_view_detected,wilor,G3b_k1,aperture_err_mm,18.14,13.83,22.64,19,11.29,7.218,15.47
per_view_detected,wilor,G3b_k2,det_rate,0.9469,0.9177,0.971,19,-0.0531,-0.08258,-0.03017
per_view_detected,wilor,G3b_k2,epe2d_px,9.197,8.545,9.875,19,4.345,3.73,5.026
per_view_detected,wilor,G3b_k2,pck02,0.8412,0.8068,0.8741,19,-0.1384,-0.1687,-0.1089
per_view_detected,wilor,G3b_k2,mpjpe_rel_mm,27.39,24.86,29.61,19,18.58,16.28,20.99
per_view_detected,wilor,G3b_k2,pa_mpjpe_mm,7.584,6.936,8.242,19,3.047,2.534,3.611
per_view_detected,wilor,G3b_k2,mpjpe_abs_mm,76.82,69.21,85.52,19,54.64,46.06,63.45
per_view_detected,wilor,G3b_k2,root_err_mm,92.36,83.34,101.3,19,71.76,62.25,80.76
per_view_detected,wilor,G3b_k2,wrist_depth_err_mm,121.9,96.1,153.1,19,87.13,69.03,108.5
per_view_detected,wilor,G3b_k2,aperture_err_mm,20.41,15.67,25.24,19,13.56,9.097,18.49
per_view_detected,wilor,G3b_k3,det_rate,0.9347,0.8996,0.9608,19,-0.0653,-0.09966,-0.03954
per_view_detected,wilor,G3b_k3,epe2d_px,9.871,9.167,10.56,19,5.019,4.302,5.771
per_view_detected,wilor,G3b_k3,pck02,0.8181,0.779,0.8557,19,-0.1615,-0.1953,-0.1266
per_view_detected,wilor,G3b_k3,mpjpe_rel_mm,28.26,25.96,30.55,19,19.46,17.24,21.57
per_view_detected,wilor,G3b_k3,pa_mpjpe_mm,7.955,7.238,8.649,19,3.418,2.828,4.064
per_view_detected,wilor,G3b_k3,mpjpe_abs_mm,90.98,82.44,100.3,19,68.8,59.57,78.68
per_view_detected,wilor,G3b_k3,root_err_mm,108.4,98.97,117.6,19,87.8,78.11,97.91
per_view_detected,wilor,G3b_k3,wrist_depth_err_mm,141.7,113.8,173.8,19,106.9,85.06,130.6
per_view_detected,wilor,G3b_k3,aperture_err_mm,22.48,17.55,27.73,19,15.64,10.69,20.69
per_view_detected,wilor,G3b_k4,det_rate,0.9311,0.8982,0.9586,19,-0.06888,-0.1022,-0.04169
per_view_detected,wilor,G3b_k4,epe2d_px,10.61,9.885,11.35,19,5.761,5.064,6.5
per_view_detected,wilor,G3b_k4,pck02,0.7883,0.7461,0.8272,19,-0.1913,-0.2298,-0.1541
per_view_detected,wilor,G3b_k4,mpjpe_rel_mm,28.8,26.56,30.97,19,19.99,17.77,22.1
per_view_detected,wilor,G3b_k4,pa_mpjpe_mm,8.354,7.614,9.097,19,3.817,3.152,4.541
per_view_detected,wilor,G3b_k4,mpjpe_abs_mm,108.2,99.61,117,19,86.02,76.55,95.98
per_view_detected,wilor,G3b_k4,root_err_mm,126,115.6,135.6,19,105.4,94.8,116.1
per_view_detected,wilor,G3b_k4,wrist_depth_err_mm,164.3,134.3,199.6,19,129.5,107.5,154.3
per_view_detected,wilor,G3b_k4,aperture_err_mm,24.44,19.24,30.03,19,17.6,12.56,23.03
per_view_detected,wilor,G4,det_rate,0.9882,0.9744,0.9971,19,-0.01179,-0.02485,-0.002939
per_view_detected,wilor,G4,epe2d_px,8.225,7.756,8.742,19,3.373,2.862,3.844
per_view_detected,wilor,G4,pck02,0.8732,0.8479,0.8968,19,-0.1064,-0.1275,-0.08406
per_view_detected,wilor,G4,mpjpe_rel_mm,23.91,21.17,26.59,19,15.1,12.43,17.98
per_view_detected,wilor,G4,pa_mpjpe_mm,7.145,6.593,7.681,19,2.608,2.169,3.094
per_view_detected,wilor,G4,mpjpe_abs_mm,50.49,44.57,57.22,19,28.31,22.34,34.83
per_view_detected,wilor,G4,root_err_mm,53.95,48.65,59.82,19,33.35,27.47,39.66
per_view_detected,wilor,G4,wrist_depth_err_mm,68.75,54.84,84.31,19,33.95,22.46,46.91
per_view_detected,wilor,G4,aperture_err_mm,16.57,13.06,20.21,19,9.725,6.57,13.18
per_view_detected,wilor,G4b_k4,det_rate,0.9699,0.9516,0.9853,19,-0.03011,-0.0479,-0.01395
per_view_detected,wilor,G4b_k4,epe2d_px,11.36,10.53,12.12,19,6.506,5.614,7.362
per_view_detected,wilor,G4b_k4,pck02,0.7519,0.7098,0.7933,19,-0.2278,-0.2677,-0.1898
per_view_detected,wilor,G4b_k4,mpjpe_rel_mm,28,25.29,30.57,19,19.19,16.47,22.07
per_view_detected,wilor,G4b_k4,pa_mpjpe_mm,9.027,8.127,9.914,19,4.491,3.697,5.336
per_view_detected,wilor,G4b_k4,mpjpe_abs_mm,117,108.2,125.8,19,94.78,86.09,103.7
per_view_detected,wilor,G4b_k4,root_err_mm,129.1,118.5,139.6,19,108.5,96.84,118.9
per_view_detected,wilor,G4b_k4,wrist_depth_err_mm,155.4,136.4,179.3,19,120.6,103.4,140.7
per_view_detected,wilor,G4b_k4,aperture_err_mm,24.45,19.16,30.1,19,17.6,12.48,23.03
per_view_common_subset,hamer,G0,epe2d_px,4.338,4.042,4.63,19,,,
per_view_common_subset,hamer,G0,pck02,0.9838,0.9778,0.9897,19,,,
per_view_common_subset,hamer,G0,mpjpe_rel_mm,6.576,6.149,7.001,19,,,
per_view_common_subset,hamer,G0,pa_mpjpe_mm,3.755,3.444,4.058,19,,,
per_view_common_subset,hamer,G0,mpjpe_abs_mm,20.22,17.77,22.77,19,,,
per_view_common_subset,hamer,G0,root_err_mm,19.31,17.11,21.78,19,,,
per_view_common_subset,hamer,G0,wrist_depth_err_mm,31.87,21.75,43.95,19,,,
per_view_common_subset,hamer,G0,aperture_err_mm,5.968,5.064,7.052,19,,,
per_view_common_subset,hamer,G1,epe2d_px,4.56,3.886,5.172,7,0.4967,-0.2975,1.303
per_view_common_subset,hamer,G1,pck02,0.9809,0.9589,0.9974,7,-0.005412,-0.028,0.01679
per_view_common_subset,hamer,G1,mpjpe_rel_mm,8.968,7.167,11.08,7,2.508,0.8249,4.374
per_view_common_subset,hamer,G1,pa_mpjpe_mm,4.866,4.23,5.595,7,1.148,0.6533,1.72
per_view_common_subset,hamer,G1,mpjpe_abs_mm,30.97,25.82,37.41,7,14.47,10.23,19.37
per_view_common_subset,hamer,G1,root_err_mm,30.48,24.3,37.72,7,14.56,8.439,21.38
per_view_common_subset,hamer,G1,wrist_depth_err_mm,37.02,30.1,44.39,7,7.413,-22.09,26.05
per_view_common_subset,hamer,G1,aperture_err_mm,12.68,6.837,20.4,7,6.153,1.425,12.71
per_view_common_subset,hamer,G2,epe2d_px,5.52,4.717,6.3,14,1.235,0.6471,1.915
per_view_common_subset,hamer,G2,pck02,0.965,0.9266,0.9922,14,-0.0182,-0.05344,0.008948
per_view_common_subset,hamer,G2,mpjpe_rel_mm,17.42,14.5,20.65,14,10.98,8.195,14.01
per_view_common_subset,hamer,G2,pa_mpjpe_mm,5.485,4.61,6.453,14,1.877,0.9588,2.894
per_view_common_subset,hamer,G2,mpjpe_abs_mm,26.42,20.26,33.87,14,6.645,0.8432,14.3
per_view_common_subset,hamer,G2,root_err_mm,25.42,20.75,30.55,14,6.555,2.032,11.15
per_view_common_subset,hamer,G2,wrist_depth_err_mm,20.09,15.26,25.14,14,-4.894,-15.36,3.172
per_view_common_subset,hamer,G2,aperture_err_mm,14.16,9.883,19.02,14,8.881,4.331,14.33
per_view_common_subset,hamer,G3a,epe2d_px,8.122,6.32,10.08,12,3.908,2.04,6.002
per_view_common_subset,hamer,G3a,pck02,0.9534,0.9028,0.9889,12,-0.03312,-0.08574,0.005456
per_view_common_subset,hamer,G3a,mpjpe_rel_mm,24.58,19.8,30.17,12,18.03,13.3,23.84
per_view_common_subset,hamer,G3a,pa_mpjpe_mm,6.718,5.449,8.192,12,2.992,1.622,4.488
per_view_common_subset,hamer,G3a,mpjpe_abs_mm,56.11,41.15,70.59,12,36.24,19.24,53.76
per_view_common_subset,hamer,G3a,root_err_mm,69.27,49.23,89.59,12,50.39,28.16,72.96
per_view_common_subset,hamer,G3a,wrist_depth_err_mm,66.89,46.01,88.47,12,39.31,10.82,66.56
per_view_common_subset,hamer,G3a,aperture_err_mm,19.59,12.09,27.78,12,13.35,5.611,22.65
per_view_common_subset,hamer,G3b_k1,epe2d_px,8.455,6.557,10.61,6,4.161,2.473,6.053
per_view_common_subset,hamer,G3b_k1,pck02,0.9332,0.8546,0.9881,6,-0.05101,-0.1301,0.00361
per_view_common_subset,hamer,G3b_k1,mpjpe_rel_mm,23.87,19.57,28.31,6,17.49,13.97,21.28
per_view_common_subset,hamer,G3b_k1,pa_mpjpe_mm,9.124,6.478,11.87,6,5.471,3.036,7.981
per_view_common_subset,hamer,G3b_k1,mpjpe_abs_mm,85.71,56.62,115.4,6,66.3,32.73,100
per_view_common_subset,hamer,G3b_k1,root_err_mm,100.6,73.71,128.1,6,81.51,49.94,111.5
per_view_common_subset,hamer,G3b_k1,wrist_depth_err_mm,92.55,65.93,119.9,6,71.67,41.51,102.9
per_view_common_subset,hamer,G3b_k1,aperture_err_mm,27.49,13.52,43.3,6,22.71,8.908,38.28
per_view_common_subset,hamer,G3b_k2,epe2d_px,10.53,8.79,11.86,5,6.211,4.332,7.61
per_view_common_subset,hamer,G3b_k2,pck02,0.9119,0.8125,0.9937,5,-0.07386,-0.1901,0.01702
per_view_common_subset,hamer,G3b_k2,mpjpe_rel_mm,24.65,19.56,30.74,5,18.06,13.71,23.32
per_view_common_subset,hamer,G3b_k2,pa_mpjpe_mm,11.29,9.772,13.21,5,7.511,5.996,9.247
per_view_common_subset,hamer,G3b_k2,mpjpe_abs_mm,112.3,73.43,150.6,5,94.58,51.94,137.5
per_view_common_subset,hamer,G3b_k2,root_err_mm,127.8,85.3,167.8,5,110.7,63.44,153.9
per_view_common_subset,hamer,G3b_k2,wrist_depth_err_mm,119,82,156,5,99.09,56.39,140.4
per_view_common_subset,hamer,G3b_k2,aperture_err_mm,33.76,20.3,47.81,5,28.96,15.82,42.1
per_view_common_subset,hamer,G3b_k3,epe2d_px,11.02,8.414,13.62,5,7.115,4.496,9.922
per_view_common_subset,hamer,G3b_k3,pck02,0.9155,0.8286,0.9869,5,-0.07026,-0.1679,0.009502
per_view_common_subset,hamer,G3b_k3,mpjpe_rel_mm,26.18,18.96,37.81,5,20.32,13.09,32.5
per_view_common_subset,hamer,G3b_k3,pa_mpjpe_mm,10.63,8.918,12.17,5,7.218,5.639,8.79
per_view_common_subset,hamer,G3b_k3,mpjpe_abs_mm,135.7,113.9,154.4,5,121.4,101,140
per_view_common_subset,hamer,G3b_k3,root_err_mm,157.5,131.1,183.8,5,143.3,118.1,169.7
per_view_common_subset,hamer,G3b_k3,wrist_depth_err_mm,147.6,123.1,172.2,5,129.1,105.2,152.8
per_view_common_subset,hamer,G3b_k3,aperture_err_mm,32.62,21.23,44.01,5,28.27,16.83,40.05
per_view_common_subset,hamer,G3b_k4,epe2d_px,10.19,6.983,16.06,4,6.517,3.271,12.16
per_view_common_subset,hamer,G3b_k4,pck02,0.8901,0.7321,0.9881,4,-0.1051,-0.2649,-0.01124
per_view_common_subset,hamer,G3b_k4,mpjpe_rel_mm,20.43,16.19,23.31,4,14.44,10.57,17.3
per_view_common_subset,hamer,G3b_k4,pa_mpjpe_mm,8.824,5.572,12.56,4,5.287,2.336,8.691
per_view_common_subset,hamer,G3b_k4,mpjpe_abs_mm,133.3,104.5,166.6,4,117.5,87.74,148.5
per_view_common_subset,hamer,G3b_k4,root_err_mm,144,106.6,185.4,4,129.1,86.67,167.9
per_view_common_subset,hamer,G3b_k4,wrist_depth_err_mm,134.1,94.04,171.8,4,116.1,77.33,151.4
per_view_common_subset,hamer,G3b_k4,aperture_err_mm,24.3,19.61,28.79,4,19.37,13.75,23.66
per_view_common_subset,hamer,G4,epe2d_px,6.513,4.017,9.348,3,2.307,0.4611,4.645
per_view_common_subset,hamer,G4,pck02,0.9915,0.9841,1,3,0.01275,-0.008201,0.04762
per_view_common_subset,hamer,G4,mpjpe_rel_mm,14.25,9.752,18.06,3,8.315,4.556,11.72
per_view_common_subset,hamer,G4,pa_mpjpe_mm,7.857,5.191,10.84,3,4.365,1.991,7.379
per_view_common_subset,hamer,G4,mpjpe_abs_mm,61.95,13.12,116.1,3,48.83,-2.245,103
per_view_common_subset,hamer,G4,root_err_mm,67.05,16.49,130.9,3,53.84,2.113,116.9
per_view_common_subset,hamer,G4,wrist_depth_err_mm,56.74,7.638,120.6,3,40.63,-12.08,106.2
per_view_common_subset,hamer,G4,aperture_err_mm,15.47,4.393,29.07,3,10.91,0.9941,23.71
per_view_common_subset,mediapipe,G0,epe2d_px,7.595,6.83,8.386,19,,,
per_view_common_subset,mediapipe,G0,pck02,0.9054,0.8803,0.9296,19,,,
per_view_common_subset,mediapipe,G1,epe2d_px,7.192,6.342,8.042,7,0.8408,-0.1996,2.196
per_view_common_subset,mediapipe,G1,pck02,0.9296,0.8971,0.9615,7,-0.01761,-0.06919,0.02912
per_view_common_subset,mediapipe,G2,epe2d_px,9.997,8.052,11.97,14,2.476,0.5402,4.734
per_view_common_subset,mediapipe,G2,pck02,0.8371,0.7562,0.9163,14,-0.06733,-0.1691,0.01717
per_view_common_subset,mediapipe,G3a,epe2d_px,13.77,10.7,17.26,12,6.649,3.86,10.14
per_view_common_subset,mediapipe,G3a,pck02,0.7266,0.5891,0.8448,12,-0.1919,-0.323,-0.08744
per_view_common_subset,mediapipe,G3b_k1,epe2d_px,12.35,9.273,16.82,6,5.648,3.519,9.267
per_view_common_subset,mediapipe,G3b_k1,pck02,0.7931,0.6392,0.9067,6,-0.1444,-0.2957,-0.04298
per_view_common_subset,mediapipe,G3b_k2,epe2d_px,13.05,9.376,16.82,5,6.255,3.352,9.628
per_view_common_subset,mediapipe,G3b_k2,pck02,0.7729,0.6394,0.9063,5,-0.165,-0.2838,-0.04341
per_view_common_subset,mediapipe,G3b_k3,epe2d_px,19.41,8.892,33.53,5,12.41,2.756,25.85
per_view_common_subset,mediapipe,G3b_k3,pck02,0.6429,0.3388,0.9143,5,-0.2786,-0.5348,-0.04171
per_view_common_subset,mediapipe,G3b_k4,epe2d_px,18.19,9.497,24.89,4,12.15,4.401,19.22
per_view_common_subset,mediapipe,G3b_k4,pck02,0.5516,0.3016,0.869,4,-0.4041,-0.6655,-0.1138
per_view_common_subset,mediapipe,G4,epe2d_px,7.169,5.895,9.476,3,0.6849,-0.4512,1.254
per_view_common_subset,mediapipe,G4,pck02,0.9471,0.8889,1,3,0.009266,-0.04464,0.0617
per_view_common_subset,wilor,G0,epe2d_px,4.813,4.468,5.144,19,,,
per_view_common_subset,wilor,G0,pck02,0.9817,0.9743,0.9883,19,,,
per_view_common_subset,wilor,G0,mpjpe_rel_mm,8.65,7.994,9.343,19,,,
per_view_common_subset,wilor,G0,pa_mpjpe_mm,4.467,4.082,4.849,19,,,
per_view_common_subset,wilor,G0,mpjpe_abs_mm,21,19.27,22.83,19,,,
per_view_common_subset,wilor,G0,root_err_mm,19.67,17.99,21.22,19,,,
per_view_common_subset,wilor,G0,wrist_depth_err_mm,29.5,21.73,39.63,19,,,
per_view_common_subset,wilor,G0,aperture_err_mm,6.857,5.814,7.972,19,,,
per_view_common_subset,wilor,G1,epe2d_px,5.209,4.554,5.87,7,0.7837,0.3206,1.19
per_view_common_subset,wilor,G1,pck02,0.982,0.9616,0.9973,7,-0.002391,-0.02287,0.01671
per_view_common_subset,wilor,G1,mpjpe_rel_mm,9.083,7.283,11.2,7,1.096,-0.4569,2.902
per_view_common_subset,wilor,G1,pa_mpjpe_mm,4.936,4.304,5.62,7,0.5893,-0.1211,1.271
per_view_common_subset,wilor,G1,mpjpe_abs_mm,43.9,35.53,52.28,7,22.99,13.42,32.62
per_view_common_subset,wilor,G1,root_err_mm,41.86,32.51,50.9,7,21.89,10.17,32.92
per_view_common_subset,wilor,G1,wrist_depth_err_mm,47.72,36.18,58.81,7,21.93,5.505,36.23
per_view_common_subset,wilor,G1,aperture_err_mm,11.63,6.256,18.38,7,4.803,0.144,10.39
per_view_common_subset,wilor,G2,epe2d_px,5.306,4.611,6.005,14,0.6382,0.145,1.137
per_view_common_subset,wilor,G2,pck02,0.9703,0.9378,0.994,14,-0.0109,-0.04075,0.009232
per_view_common_subset,wilor,G2,mpjpe_rel_mm,15.99,12.62,19.67,14,7.726,4.396,11.39
per_view_common_subset,wilor,G2,pa_mpjpe_mm,5.192,4.377,6.193,14,0.8073,-0.09652,1.916
per_view_common_subset,wilor,G2,mpjpe_abs_mm,24.01,17.9,30.81,14,3.501,-1.741,9.313
per_view_common_subset,wilor,G2,root_err_mm,29.97,23.29,37.29,14,10.74,4.241,17.62
per_view_common_subset,wilor,G2,wrist_depth_err_mm,26.1,18.69,34.05,14,0.6591,-11.03,11.38
per_view_common_subset,wilor,G2,aperture_err_mm,13.68,8.867,20.47,14,7.48,2.541,14.03
per_view_common_subset,wilor,G3a,epe2d_px,7.034,5.637,8.778,12,2.391,0.9386,4.192
per_view_common_subset,wilor,G3a,pck02,0.9558,0.9179,0.9881,12,-0.02739,-0.06545,0.004227
per_view_common_subset,wilor,G3a,mpjpe_rel_mm,21.72,17.1,26.58,12,13.12,8.003,18.06
per_view_common_subset,wilor,G3a,pa_mpjpe_mm,6.089,4.939,7.346,12,1.709,0.5345,3.029
per_view_common_subset,wilor,G3a,mpjpe_abs_mm,56.87,43.15,73.4,12,35.54,22.32,51.31
per_view_common_subset,wilor,G3a,root_err_mm,68.55,50.86,85.81,12,48.3,30.58,66.28
per_view_common_subset,wilor,G3a,wrist_depth_err_mm,63.42,43.37,85.26,12,39.02,18.81,60.89
per_view_common_subset,wilor,G3a,aperture_err_mm,16.84,10.94,23.14,12,9.86,3.346,16.68
per_view_common_subset,wilor,G3b_k1,epe2d_px,7.603,6.234,9.035,6,2.876,1.825,3.915
per_view_common_subset,wilor,G3b_k1,pck02,0.9381,0.869,0.9897,6,-0.0441,-0.124,0.005078
per_view_common_subset,wilor,G3b_k1,mpjpe_rel_mm,25.4,19.85,30.94,6,17.27,12.03,22.6
per_view_common_subset,wilor,G3b_k1,pa_mpjpe_mm,8.286,6.187,10.25,6,3.827,2.039,5.721
per_view_common_subset,wilor,G3b_k1,mpjpe_abs_mm,77.11,48.37,106,6,56.96,27.81,86.61
per_view_common_subset,wilor,G3b_k1,root_err_mm,94.1,62.72,122.6,6,74.58,41.43,102.3
per_view_common_subset,wilor,G3b_k1,wrist_depth_err_mm,86.86,55.63,116.3,6,64.2,30.8,93.71
per_view_common_subset,wilor,G3b_k1,aperture_err_mm,21.46,10.9,33,6,16.49,6.14,27.82
per_view_common_subset,wilor,G3b_k2,epe2d_px,8.921,7.708,9.889,5,4.1,3.302,4.911
per_view_common_subset,wilor,G3b_k2,pck02,0.9354,0.8466,1,5,-0.04658,-0.1345,0.01849
per_view_common_subset,wilor,G3b_k2,mpjpe_rel_mm,24.08,19.05,29.11,5,15.8,11.49,20.87
per_view_common_subset,wilor,G3b_k2,pa_mpjpe_mm,10.62,9.386,11.54,5,6.017,5.106,7.04
per_view_common_subset,wilor,G3b_k2,mpjpe_abs_mm,113.1,67.73,150,5,92.16,43.61,127.5
per_view_common_subset,wilor,G3b_k2,root_err_mm,129.6,82.57,167.7,5,109.8,60.41,146.7
per_view_common_subset,wilor,G3b_k2,wrist_depth_err_mm,121.8,79.64,156.6,5,97.34,56.27,132.8
per_view_common_subset,wilor,G3b_k2,aperture_err_mm,31.18,23.28,37.42,5,26.37,20.08,32.14
per_view_common_subset,wilor,G3b_k3,epe2d_px,8.397,6.396,10.39,5,4.087,2.244,5.907
per_view_common_subset,wilor,G3b_k3,pck02,0.9786,0.9452,1,5,-0.00488,-0.03083,0.02119
per_view_common_subset,wilor,G3b_k3,mpjpe_rel_mm,22.42,16.63,28.21,5,14.57,9.047,20.1
per_view_common_subset,wilor,G3b_k3,pa_mpjpe_mm,9.898,7.083,12.3,5,5.811,3.334,7.747
per_view_common_subset,wilor,G3b_k3,mpjpe_abs_mm,136.9,109.9,170.3,5,118,94.01,143.1
per_view_common_subset,wilor,G3b_k3,root_err_mm,154.8,125,184.3,5,136.9,109.4,163.1
per_view_common_subset,wilor,G3b_k3,wrist_depth_err_mm,146.5,116,178.1,5,123.2,95.36,153.8
per_view_common_subset,wilor,G3b_k3,aperture_err_mm,31.44,21.42,41.46,5,26.9,16.98,36.82
per_view_common_subset,wilor,G3b_k4,epe2d_px,10.56,7.862,13.01,4,6.38,3.798,8.962
per_view_common_subset,wilor,G3b_k4,pck02,0.9571,0.9143,1,4,-0.03232,-0.06547,0.0008267
per_view_common_subset,wilor,G3b_k4,mpjpe_rel_mm,22.4,15.21,29.18,4,14.6,6.437,20.59
per_view_common_subset,wilor,G3b_k4,pa_mpjpe_mm,9.696,6.369,13.04,4,5.429,2.622,8.393
per_view_common_subset,wilor,G3b_k4,mpjpe_abs_mm,138.4,106,169.8,4,119.7,87.3,147.9
per_view_common_subset,wilor,G3b_k4,root_err_mm,153.2,110.6,193.1,4,136.1,94.19,172.6
per_view_common_subset,wilor,G3b_k4,wrist_depth_err_mm,143.6,103.3,179.5,4,121.8,82.5,153.8
per_view_common_subset,wilor,G3b_k4,aperture_err_mm,32.92,28.33,38.97,4,27.72,21.6,34.58
per_view_common_subset,wilor,G4,epe2d_px,6.974,3.079,11.19,3,2.433,-0.7368,6.401
per_view_common_subset,wilor,G4,pck02,0.9524,0.9036,1,3,-0.02338,-0.1117,0.03991
per_view_common_subset,wilor,G4,mpjpe_rel_mm,16.23,10.09,21.97,3,8.473,2.868,13.37
per_view_common_subset,wilor,G4,pa_mpjpe_mm,7.447,3.719,10.07,3,3.167,-0.2214,5.854
per_view_common_subset,wilor,G4,mpjpe_abs_mm,53.05,18.32,102.5,3,35.18,3.426,79.54
per_view_common_subset,wilor,G4,root_err_mm,63.11,24.8,115.8,3,46.02,9.467,93.17
per_view_common_subset,wilor,G4,wrist_depth_err_mm,51.87,12.48,106.2,3,30.92,-6.318,81.38
per_view_common_subset,wilor,G4,aperture_err_mm,10.06,3.615,21.04,3,5.422,-0.5681,16.09
two_view,hamer,G0,tri_rate,0.9809,0.9601,0.9978,19,,,
two_view,hamer,G0,mpjpe_abs_mm,8.745,7.96,9.616,19,,,
two_view,hamer,G0,mpjpe_rel_mm,11.87,10.54,13.42,19,,,
two_view,hamer,G0,reproj_px,1.454,1.281,1.648,19,,,
two_view,hamer,G0,jitter_mm_f2,3.369,3.1,3.706,19,,,
two_view,hamer,G0,aperture_err_mm,5.835,4.562,7.168,19,,,
two_view,hamer,G1,tri_rate,0.9809,0.9598,0.9976,19,0,0,0
two_view,hamer,G1,mpjpe_abs_mm,9.679,8.972,10.38,19,0.9341,0.5306,1.366
two_view,hamer,G1,mpjpe_rel_mm,13.66,12.06,15.48,19,1.79,1.171,2.464
two_view,hamer,G1,reproj_px,1.817,1.613,2.02,19,0.3631,0.2483,0.4862
two_view,hamer,G1,jitter_mm_f2,4.591,4.014,5.227,19,1.222,0.8259,1.662
two_view,hamer,G1,aperture_err_mm,6.894,5.596,8.363,19,1.059,-0.009407,2.176
two_view,hamer,G2,tri_rate,0.9389,0.8987,0.9737,19,-0.04198,-0.07548,-0.01544
two_view,hamer,G2,mpjpe_abs_mm,13.49,12.48,14.66,19,4.744,4.003,5.546
two_view,hamer,G2,mpjpe_rel_mm,17.8,15.84,19.82,19,5.928,4.797,7.167
two_view,hamer,G2,reproj_px,2.59,2.406,2.795,19,1.136,0.8741,1.425
two_view,hamer,G2,jitter_mm_f2,6.349,5.709,7.107,19,2.979,2.459,3.672
two_view,hamer,G2,aperture_err_mm,9.571,7.941,11.15,19,3.737,2.469,5.205
two_view,hamer,G3a,tri_rate,0.9094,0.8752,0.9407,19,-0.07143,-0.1067,-0.04117
two_view,hamer,G3a,mpjpe_abs_mm,14.72,13.65,15.88,19,5.972,4.987,7.028
two_view,hamer,G3a,mpjpe_rel_mm,20.82,18.72,22.92,19,8.942,7.678,10.25
two_view,hamer,G3a,reproj_px,3.753,3.413,4.16,19,2.299,1.909,2.794
two_view,hamer,G3a,jitter_mm_f2,9.18,8.321,10.1,19,5.811,4.983,6.668
two_view,hamer,G3a,aperture_err_mm,11.6,9.748,13.51,19,5.767,4.259,7.493
two_view,hamer,G3b_k1,tri_rate,0.9017,0.8556,0.94,19,-0.07915,-0.1254,-0.04189
two_view,hamer,G3b_k1,mpjpe_abs_mm,15.36,14.28,16.56,19,6.615,5.598,7.578
two_view,hamer,G3b_k1,mpjpe_rel_mm,22.65,20.4,24.9,19,10.78,9.371,12.15
two_view,hamer,G3b_k1,reproj_px,3.905,3.563,4.274,19,2.451,2.06,2.888
two_view,hamer,G3b_k1,jitter_mm_f2,9.209,8.315,10.23,19,5.84,4.988,6.797
two_view,hamer,G3b_k1,aperture_err_mm,11.98,9.951,13.97,19,6.149,4.299,8.001
two_view,hamer,G3b_k2,tri_rate,0.8859,0.8336,0.9301,19,-0.09496,-0.1472,-0.05204
two_view,hamer,G3b_k2,mpjpe_abs_mm,16.6,15.42,17.85,19,7.857,6.85,8.904
two_view,hamer,G3b_k2,mpjpe_rel_mm,25.36,23.07,27.71,19,13.48,11.86,15.01
two_view,hamer,G3b_k2,reproj_px,4.084,3.721,4.432,19,2.63,2.288,3.009
two_view,hamer,G3b_k2,jitter_mm_f2,9.46,8.65,10.35,19,6.09,5.329,6.934
two_view,hamer,G3b_k2,aperture_err_mm,12.13,10.4,13.94,19,6.3,4.339,8.227
two_view,hamer,G3b_k3,tri_rate,0.8681,0.8124,0.9131,19,-0.1127,-0.169,-0.06727
two_view,hamer,G3b_k3,mpjpe_abs_mm,17.56,16.3,18.95,19,8.817,7.702,9.978
two_view,hamer,G3b_k3,mpjpe_rel_mm,27.35,24.7,29.99,19,15.47,13.72,17.12
two_view,hamer,G3b_k3,reproj_px,4.214,3.85,4.605,19,2.76,2.396,3.129
two_view,hamer,G3b_k3,jitter_mm_f2,9.795,8.963,10.66,19,6.426,5.623,7.309
two_view,hamer,G3b_k3,aperture_err_mm,12.22,10.39,14.13,19,6.383,4.439,8.339
two_view,hamer,G3b_k4,tri_rate,0.8626,0.8089,0.9124,19,-0.1182,-0.1727,-0.07151
two_view,hamer,G3b_k4,mpjpe_abs_mm,18.92,17.51,20.56,19,10.18,8.9,11.64
two_view,hamer,G3b_k4,mpjpe_rel_mm,30.16,27.66,32.88,19,18.28,16.31,20.11
two_view,hamer,G3b_k4,reproj_px,4.433,3.999,4.868,19,2.979,2.588,3.385
two_view,hamer,G3b_k4,jitter_mm_f2,10.49,9.647,11.41,19,7.125,6.329,8.014
two_view,hamer,G3b_k4,aperture_err_mm,12.33,10.66,14.12,19,6.492,4.555,8.435
two_view,hamer,G4,tri_rate,0.9581,0.9278,0.9828,19,-0.02277,-0.04935,-0.005098
two_view,hamer,G4,mpjpe_abs_mm,18.04,15.82,20.29,19,9.292,7.281,11.37
two_view,hamer,G4,mpjpe_rel_mm,22.29,19.9,24.99,19,10.42,8.061,13.02
two_view,hamer,G4,reproj_px,3.779,3.303,4.344,19,2.325,1.84,2.936
two_view,hamer,G4,jitter_mm_f2,12.52,11.25,13.84,19,9.152,7.756,10.53
two_view,hamer,G4,aperture_err_mm,13.81,10.68,17.7,19,7.98,4.903,11.32
two_view,hamer,G4b_k4,tri_rate,0.923,0.8902,0.9535,19,-0.0579,-0.09423,-0.02687
two_view,hamer,G4b_k4,mpjpe_abs_mm,27.55,24.2,30.95,19,18.8,15.86,22.08
two_view,hamer,G4b_k4,mpjpe_rel_mm,33.18,29.77,36.74,19,21.31,17.95,24.87
two_view,hamer,G4b_k4,reproj_px,4.803,4.243,5.414,19,3.349,2.766,3.989
two_view,hamer,G4b_k4,jitter_mm_f2,17.77,15.61,19.9,19,14.4,12.38,16.39
two_view,hamer,G4b_k4,aperture_err_mm,26.79,20.5,34.15,19,20.95,15,28.44
two_view,mediapipe,G0,tri_rate,0.8402,0.745,0.9148,19,,,
two_view,mediapipe,G0,mpjpe_abs_mm,15.78,13.74,18.02,19,,,
two_view,mediapipe,G0,mpjpe_rel_mm,19.43,17.62,21.18,19,,,
two_view,mediapipe,G0,reproj_px,2.97,2.502,3.442,19,,,
two_view,mediapipe,G0,jitter_mm_f2,7.131,5.898,8.565,19,,,
two_view,mediapipe,G0,aperture_err_mm,9.981,7.523,12.65,19,,,
two_view,mediapipe,G1,tri_rate,0.009503,0,0.02633,19,-0.8307,-0.9058,-0.7399
two_view,mediapipe,G1,mpjpe_abs_mm,13.96,10.52,16.74,3,1.415,0.4301,2.367
two_view,mediapipe,G1,mpjpe_rel_mm,24.34,22.21,27.81,3,9.123,4.61,11.49
two_view,mediapipe,G1,reproj_px,3.068,2.32,4.088,3,0.9897,0.5826,1.38
two_view,mediapipe,G1,jitter_mm_f2,4.92,4.92,4.92,1,1.603,1.603,1.603
two_view,mediapipe,G1,aperture_err_mm,2.798,1.611,4.385,3,-4.396,-9.434,-0.949
two_view,mediapipe,G2,tri_rate,0.01686,0,0.03668,19,-0.8234,-0.8988,-0.7326
two_view,mediapipe,G2,mpjpe_abs_mm,11.22,9.641,12.76,3,-0.7819,-3.547,1.493
two_view,mediapipe,G2,mpjpe_rel_mm,17.48,15.09,21.7,3,1.842,-2.505,10.18
two_view,mediapipe,G2,reproj_px,2.927,2.056,3.594,3,0.6916,-0.6283,2.28
two_view,mediapipe,G2,jitter_mm_f2,7.525,5.946,9.104,2,3.625,1.462,5.787
two_view,mediapipe,G2,aperture_err_mm,5.388,2.357,8.694,3,-3.04,-5.933,-0.3431
two_view,mediapipe,G3a,tri_rate,0.003706,0,0.01112,19,-0.8365,-0.9101,-0.7452
two_view,mediapipe,G3a,mpjpe_abs_mm,15.17,15.17,15.17,1,3.607,3.607,3.607
two_view,mediapipe,G3a,mpjpe_rel_mm,13.75,13.75,13.75,1,-4.041,-4.041,-4.041
two_view,mediapipe,G3a,reproj_px,3.457,3.457,3.457,1,0.7734,0.7734,0.7734
two_view,mediapipe,G3a,jitter_mm_f2,8.323,8.323,8.323,1,3.84,3.84,3.84
two_view,mediapipe,G3a,aperture_err_mm,6.021,6.021,6.021,1,-3.017,-3.017,-3.017
two_view,mediapipe,G3b_k1,tri_rate,0.001483,0,0.004448,19,-0.8387,-0.9176,-0.7483
two_view,mediapipe,G3b_k1,mpjpe_abs_mm,17.65,17.65,17.65,1,6.09,6.09,6.09
two_view,mediapipe,G3b_k1,mpjpe_rel_mm,12.65,12.65,12.65,1,-5.147,-5.147,-5.147
two_view,mediapipe,G3b_k1,reproj_px,4.795,4.795,4.795,1,2.111,2.111,2.111
two_view,mediapipe,G3b_k1,aperture_err_mm,2.755,2.755,2.755,1,-6.283,-6.283,-6.283
two_view,mediapipe,G3b_k2,tri_rate,0.000721,0,0.002163,19,-0.8395,-0.9162,-0.7463
two_view,mediapipe,G3b_k2,mpjpe_abs_mm,23.9,23.9,23.9,1,7.587,7.587,7.587
two_view,mediapipe,G3b_k2,mpjpe_rel_mm,20.95,20.95,20.95,1,3.355,3.355,3.355
two_view,mediapipe,G3b_k2,reproj_px,4.08,4.08,4.08,1,1.372,1.372,1.372
two_view,mediapipe,G3b_k2,aperture_err_mm,11.4,11.4,11.4,1,0.3555,0.3555,0.3555
two_view,mediapipe,G3b_k3,tri_rate,0.000721,0,0.002163,19,-0.8395,-0.9124,-0.7451
two_view,mediapipe,G3b_k3,mpjpe_abs_mm,29.14,29.14,29.14,1,12.83,12.83,12.83
two_view,mediapipe,G3b_k3,mpjpe_rel_mm,26.64,26.64,26.64,1,9.042,9.042,9.042
two_view,mediapipe,G3b_k3,reproj_px,4.118,4.118,4.118,1,1.41,1.41,1.41
two_view,mediapipe,G3b_k3,aperture_err_mm,16.83,16.83,16.83,1,5.782,5.782,5.782
two_view,mediapipe,G3b_k4,tri_rate,0,0,0,19,-0.8402,-0.9207,-0.7485
two_view,mediapipe,G4,tri_rate,0,0,0,19,-0.8402,-0.9155,-0.7396
two_view,mediapipe,G4b_k4,tri_rate,0,0,0,19,-0.8402,-0.9171,-0.744
two_view,wilor,G0,tri_rate,0.9809,0.9588,0.9978,19,,,
two_view,wilor,G0,mpjpe_abs_mm,9.414,8.669,10.15,19,,,
two_view,wilor,G0,mpjpe_rel_mm,12.26,10.99,13.75,19,,,
two_view,wilor,G0,reproj_px,1.653,1.451,1.889,19,,,
two_view,wilor,G0,jitter_mm_f2,3.547,3.231,3.893,19,,,
two_view,wilor,G0,aperture_err_mm,6.413,4.9,8.133,19,,,
two_view,wilor,G1,tri_rate,0.9809,0.9588,0.9978,19,0,0,0
two_view,wilor,G1,mpjpe_abs_mm,10.77,9.989,11.51,19,1.357,0.9429,1.788
two_view,wilor,G1,mpjpe_rel_mm,13.87,12.21,15.79,19,1.607,1,2.317
two_view,wilor,G1,reproj_px,1.847,1.595,2.093,19,0.1933,0.07597,0.3238
two_view,wilor,G1,jitter_mm_f2,4.433,3.952,4.942,19,0.8861,0.563,1.289
two_view,wilor,G1,aperture_err_mm,6.937,4.975,9.121,19,0.5243,-0.314,1.342
two_view,wilor,G2,tri_rate,0.9389,0.8981,0.9737,19,-0.04198,-0.07229,-0.0158
two_view,wilor,G2,mpjpe_abs_mm,13.58,12.33,15.09,19,4.166,3.219,5.258
two_view,wilor,G2,mpjpe_rel_mm,18.15,16.35,20.1,19,5.888,4.907,6.838
two_view,wilor,G2,reproj_px,2.595,2.307,2.948,19,0.942,0.6553,1.292
two_view,wilor,G2,jitter_mm_f2,6.18,5.484,7.027,19,2.633,2.084,3.374
two_view,wilor,G2,aperture_err_mm,9.02,6.783,11.33,19,2.607,1.409,3.934
two_view,wilor,G3a,tri_rate,0.9094,0.8723,0.941,19,-0.07143,-0.1053,-0.04073
two_view,wilor,G3a,mpjpe_abs_mm,14.58,13.41,15.94,19,5.162,3.993,6.312
two_view,wilor,G3a,mpjpe_rel_mm,20.88,18.89,23.22,19,8.62,7.177,9.987
two_view,wilor,G3a,reproj_px,3.505,3.158,3.864,19,1.852,1.485,2.253
two_view,wilor,G3a,jitter_mm_f2,7.862,7.031,8.942,19,4.315,3.566,5.34
two_view,wilor,G3a,aperture_err_mm,10.89,8.627,13.17,19,4.474,2.762,6.442
two_view,wilor,G3b_k1,tri_rate,0.9017,0.8562,0.9413,19,-0.07915,-0.1272,-0.04078
two_view,wilor,G3b_k1,mpjpe_abs_mm,15.62,14.24,17.14,19,6.203,4.929,7.514
two_view,wilor,G3b_k1,mpjpe_rel_mm,23.27,20.94,25.71,19,11.02,9.467,12.62
two_view,wilor,G3b_k1,reproj_px,3.755,3.412,4.094,19,2.102,1.766,2.432
two_view,wilor,G3b_k1,jitter_mm_f2,8.434,7.455,9.781,19,4.888,4.039,6.07
two_view,wilor,G3b_k1,aperture_err_mm,11.95,9.503,14.61,19,5.536,3.615,7.721
two_view,wilor,G3b_k2,tri_rate,0.8859,0.8349,0.9305,19,-0.09496,-0.1452,-0.053
two_view,wilor,G3b_k2,mpjpe_abs_mm,17.03,15.35,18.88,19,7.615,6.018,9.249
two_view,wilor,G3b_k2,mpjpe_rel_mm,26.29,23.77,28.93,19,14.03,12.31,15.93
two_view,wilor,G3b_k2,reproj_px,4.03,3.656,4.382,19,2.377,2.037,2.723
two_view,wilor,G3b_k2,jitter_mm_f2,8.978,8.098,10.13,19,5.432,4.618,6.445
two_view,wilor,G3b_k2,aperture_err_mm,13.29,10.74,16.05,19,6.882,4.715,9.169
two_view,wilor,G3b_k3,tri_rate,0.8681,0.8128,0.9144,19,-0.1127,-0.1713,-0.06658
two_view,wilor,G3b_k3,mpjpe_abs_mm,18.32,16.45,20.38,19,8.909,7.105,10.85
two_view,wilor,G3b_k3,mpjpe_rel_mm,28.49,25.93,31.26,19,16.23,14.36,18.17
two_view,wilor,G3b_k3,reproj_px,4.303,3.934,4.674,19,2.65,2.309,3.014
two_view,wilor,G3b_k3,jitter_mm_f2,9.368,8.623,10.17,19,5.822,5.107,6.552
two_view,wilor,G3b_k3,aperture_err_mm,15,12.02,18.18,19,8.585,5.996,11.66
two_view,wilor,G3b_k4,tri_rate,0.8626,0.8054,0.9131,19,-0.1182,-0.1739,-0.06939
two_view,wilor,G3b_k4,mpjpe_abs_mm,19.72,17.79,21.71,19,10.31,8.604,12.2
two_view,wilor,G3b_k4,mpjpe_rel_mm,31.55,28.66,34.46,19,19.29,17.34,21.4
two_view,wilor,G3b_k4,reproj_px,4.534,4.133,4.909,19,2.88,2.517,3.226
two_view,wilor,G3b_k4,jitter_mm_f2,10.69,9.566,11.89,19,7.139,6.016,8.36
two_view,wilor,G3b_k4,aperture_err_mm,16.39,13.09,19.82,19,9.974,7.138,13.32
two_view,wilor,G4,tri_rate,0.9588,0.9296,0.9835,19,-0.02204,-0.04645,-0.004407
two_view,wilor,G4,mpjpe_abs_mm,15.25,14.14,16.44,19,5.84,4.726,6.982
two_view,wilor,G4,mpjpe_rel_mm,21.69,19.58,23.93,19,9.429,8.179,10.69
two_view,wilor,G4,reproj_px,3.48,3.13,3.866,19,1.827,1.506,2.179
two_view,wilor,G4,jitter_mm_f2,8.966,8.201,9.761,19,5.419,4.647,6.221
two_view,wilor,G4,aperture_err_mm,11.06,8.409,13.83,19,4.651,2.797,6.409
two_view,wilor,G4b_k4,tri_rate,0.9237,0.8898,0.9533,19,-0.05719,-0.09338,-0.02665
two_view,wilor,G4b_k4,mpjpe_abs_mm,21.22,19.4,23.05,19,11.81,9.963,13.51
two_view,wilor,G4b_k4,mpjpe_rel_mm,32.55,29.98,35.55,19,20.29,18.42,22.29
two_view,wilor,G4b_k4,reproj_px,4.706,4.265,5.149,19,3.053,2.656,3.502
two_view,wilor,G4b_k4,jitter_mm_f2,13.8,12.46,15.3,19,10.25,8.845,11.89
two_view,wilor,G4b_k4,aperture_err_mm,17.79,13.83,21.81,19,11.38,7.695,15.26
