seq,event,frame,t_s,max_disp_m
20200709_142123,grasp_onset,36,1.2,0.2546
20200709_142446,grasp_onset,25,0.8333,0.1987
20200709_142802,grasp_onset,28,0.9333,0.1981
20200709_143125,grasp_onset,23,0.7667,0.2739
20200709_143531,grasp_onset,31,1.0333,0.2488
20200709_143907,grasp_onset,29,0.9667,0.2969
20200709_144313,grasp_onset,37,1.2333,0.2881
20200709_144735,grasp_onset,23,0.7667,0.1854
20200709_145132,grasp_onset,28,0.9333,0.2743
20200709_145743,grasp_onset,29,0.9667,0.3094
20200709_150144,grasp_onset,39,1.3,0.1963
20200709_150524,grasp_onset,38,1.2667,0.3453
20200709_150906,grasp_onset,36,1.2,0.2589
20200709_151246,grasp_onset,36,1.2,0.2481
20200709_151632,grasp_onset,32,1.0667,0.4018
20200709_151948,grasp_onset,48,1.6,0.2443
20200709_152420,grasp_onset,36,1.2,0.2728
20200709_152757,grasp_onset,39,1.3,0.186
20200709_153148,grasp_onset,37,1.2333,0.3328
20200709_153548,grasp_onset,44,1.4667,0.2711
