seq,cam,condition,task,rep,side,n_frames,hand_visible_frac,src_dir,img_dir
20200709_142123,932122061900,G0,002_master_chef_can,0,right,74,0.923,data/raw/dexycb/20200709-subject-01/20200709_142123/932122061900,data/cache/gloved/G0/20200709_142123/932122061900
20200709_142123,932122061900,G1,002_master_chef_can,0,right,74,0.923,data/raw/dexycb/20200709-subject-01/20200709_142123/932122061900,data/cache/gloved/G1/20200709_142123/932122061900
20200709_142123,932122061900,G2,002_master_chef_can,0,right,74,0.923,data/raw/dexycb/20200709-subject-01/20200709_142123/932122061900,data/cache/gloved/G2/20200709_142123/932122061900
20200709_142123,932122061900,G3a,002_master_chef_can,0,right,74,0.923,data/raw/dexycb/20200709-subject-01/20200709_142123/932122061900,data/cache/gloved/G3a/20200709_142123/932122061900
20200709_142123,932122061900,G3b_k1,002_master_chef_can,0,right,74,0.923,data/raw/dexycb/20200709-subject-01/20200709_142123/932122061900,data/cache/gloved/G3b_k1/20200709_142123/932122061900
20200709_142123,932122061900,G3b_k2,002_master_chef_can,0,right,74,0.923,data/raw/dexycb/20200709-subject-01/20200709_142123/932122061900,data/cache/gloved/G3b_k2/20200709_142123/932122061900
20200709_142123,932122061900,G3b_k3,002_master_chef_can,0,right,74,0.923,data/raw/dexycb/20200709-subject-01/20200709_142123/932122061900,data/cache/gloved/G3b_k3/20200709_142123/932122061900
20200709_142123,932122061900,G3b_k4,002_master_chef_can,0,right,74,0.923,data/raw/dexycb/20200709-subject-01/20200709_142123/932122061900,data/cache/gloved/G3b_k4/20200709_142123/932122061900
20200709_142123,932122061900,G4,002_master_chef_can,0,right,74,0.923,data/raw/dexycb/20200709-subject-01/20200709_142123/932122061900,data/cache/gloved/G4/20200709_142123/932122061900
20200709_142123,932122061900,G4b_k4,002_master_chef_can,0,right,74,0.923,data/raw/dexycb/20200709-subject-01/20200709_142123/932122061900,data/cache/gloved/G4b_k4/20200709_142123/932122061900
20200709_142123,932122062010,G0,002_master_chef_can,0,right,74,0.923,data/raw/dexycb/20200709-subject-01/20200709_142123/932122062010,data/cache/gloved/G0/20200709_142123/932122062010
20200709_142123,932122062010,G1,002_master_chef_can,0,right,74,0.923,data/raw/dexycb/20200709-subject-01/20200709_142123/932122062010,data/cache/gloved/G1/20200709_142123/932122062010
20200709_142123,932122062010,G2,002_master_chef_can,0,right,74,0.923,data/raw/dexycb/20200709-subject-01/20200709_142123/932122062010,data/cache/gloved/G2/20200709_142123/932122062010
20200709_142123,932122062010,G3a,002_master_chef_can,0,right,74,0.923,data/raw/dexycb/20200709-subject-01/20200709_142123/932122062010,data/cache/gloved/G3a/20200709_142123/932122062010
20200709_142123,932122062010,G3b_k1,002_master_chef_can,0,right,74,0.923,data/raw/dexycb/20200709-subject-01/20200709_142123/932122062010,data/cache/gloved/G3b_k1/20200709_142123/932122062010
20200709_142123,932122062010,G3b_k2,002_master_chef_can,0,right,74,0.923,data/raw/dexycb/20200709-subject-01/20200709_142123/932122062010,data/cache/gloved/G3b_k2/20200709_142123/932122062010
20200709_142123,932122062010,G3b_k3,002_master_chef_can,0,right,74,0.923,data/raw/dexycb/20200709-subject-01/20200709_142123/932122062010,data/cache/gloved/G3b_k3/20200709_142123/932122062010
20200709_142123,932122062010,G3b_k4,002_master_chef_can,0,right,74,0.923,data/raw/dexycb/20200709-subject-01/20200709_142123/932122062010,data/cache/gloved/G3b_k4/20200709_142123/932122062010
20200709_142123,932122062010,G4,002_master_chef_can,0,right,74,0.923,data/raw/dexycb/20200709-subject-01/20200709_142123/932122062010,data/cache/gloved/G4/20200709_142123/932122062010
20200709_142123,932122062010,G4b_k4,002_master_chef_can,0,right,74,0.923,data/raw/dexycb/20200709-subject-01/20200709_142123/932122062010,data/cache/gloved/G4b_k4/20200709_142123/932122062010
20200709_142446,932122061900,G0,003_cracker_box,0,left,72,0.917,data/raw/dexycb/20200709-subject-01/20200709_142446/932122061900,data/cache/gloved/G0/20200709_142446/932122061900
20200709_142446,932122061900,G1,003_cracker_box,0,left,72,0.917,data/raw/dexycb/20200709-subject-01/20200709_142446/932122061900,data/cache/gloved/G1/20200709_142446/932122061900
20200709_142446,932122061900,G2,003_cracker_box,0,left,72,0.917,data/raw/dexycb/20200709-subject-01/20200709_142446/932122061900,data/cache/gloved/G2/20200709_142446/932122061900
20200709_142446,932122061900,G3a,003_cracker_box,0,left,72,0.917,data/raw/dexycb/20200709-subject-01/20200709_142446/932122061900,data/cache/gloved/G3a/20200709_142446/932122061900
20200709_142446,932122061900,G3b_k1,003_cracker_box,0,left,72,0.917,data/raw/dexycb/20200709-subject-01/20200709_142446/932122061900,data/cache/gloved/G3b_k1/20200709_142446/932122061900
20200709_142446,932122061900,G3b_k2,003_cracker_box,0,left,72,0.917,data/raw/dexycb/20200709-subject-01/20200709_142446/932122061900,data/cache/gloved/G3b_k2/20200709_142446/932122061900
20200709_142446,932122061900,G3b_k3,003_cracker_box,0,left,72,0.917,data/raw/dexycb/20200709-subject-01/20200709_142446/932122061900,data/cache/gloved/G3b_k3/20200709_142446/932122061900
20200709_142446,932122061900,G3b_k4,003_cracker_box,0,left,72,0.917,data/raw/dexycb/20200709-subject-01/20200709_142446/932122061900,data/cache/gloved/G3b_k4/20200709_142446/932122061900
20200709_142446,932122061900,G4,003_cracker_box,0,left,72,0.917,data/raw/dexycb/20200709-subject-01/20200709_142446/932122061900,data/cache/gloved/G4/20200709_142446/932122061900
20200709_142446,932122061900,G4b_k4,003_cracker_box,0,left,72,0.917,data/raw/dexycb/20200709-subject-01/20200709_142446/932122061900,data/cache/gloved/G4b_k4/20200709_142446/932122061900
20200709_142446,932122062010,G0,003_cracker_box,0,left,72,0.917,data/raw/dexycb/20200709-subject-01/20200709_142446/932122062010,data/cache/gloved/G0/20200709_142446/932122062010
20200709_142446,932122062010,G1,003_cracker_box,0,left,72,0.917,data/raw/dexycb/20200709-subject-01/20200709_142446/932122062010,data/cache/gloved/G1/20200709_142446/932122062010
20200709_142446,932122062010,G2,003_cracker_box,0,left,72,0.917,data/raw/dexycb/20200709-subject-01/20200709_142446/932122062010,data/cache/gloved/G2/20200709_142446/932122062010
20200709_142446,932122062010,G3a,003_cracker_box,0,left,72,0.917,data/raw/dexycb/20200709-subject-01/20200709_142446/932122062010,data/cache/gloved/G3a/20200709_142446/932122062010
20200709_142446,932122062010,G3b_k1,003_cracker_box,0,left,72,0.917,data/raw/dexycb/20200709-subject-01/20200709_142446/932122062010,data/cache/gloved/G3b_k1/20200709_142446/932122062010
20200709_142446,932122062010,G3b_k2,003_cracker_box,0,left,72,0.917,data/raw/dexycb/20200709-subject-01/20200709_142446/932122062010,data/cache/gloved/G3b_k2/20200709_142446/932122062010
20200709_142446,932122062010,G3b_k3,003_cracker_box,0,left,72,0.917,data/raw/dexycb/20200709-subject-01/20200709_142446/932122062010,data/cache/gloved/G3b_k3/20200709_142446/932122062010
20200709_142446,932122062010,G3b_k4,003_cracker_box,0,left,72,0.917,data/raw/dexycb/20200709-subject-01/20200709_142446/932122062010,data/cache/gloved/G3b_k4/20200709_142446/932122062010
20200709_142446,932122062010,G4,003_cracker_box,0,left,72,0.917,data/raw/dexycb/20200709-subject-01/20200709_142446/932122062010,data/cache/gloved/G4/20200709_142446/932122062010
20200709_142446,932122062010,G4b_k4,003_cracker_box,0,left,72,0.917,data/raw/dexycb/20200709-subject-01/20200709_142446/932122062010,data/cache/gloved/G4b_k4/20200709_142446/932122062010
20200709_142802,932122061900,G0,004_sugar_box,0,right,72,0.917,data/raw/dexycb/20200709-subject-01/20200709_142802/932122061900,data/cache/gloved/G0/20200709_142802/932122061900
20200709_142802,932122061900,G1,004_sugar_box,0,right,72,0.917,data/raw/dexycb/20200709-subject-01/20200709_142802/932122061900,data/cache/gloved/G1/20200709_142802/932122061900
20200709_142802,932122061900,G2,004_sugar_box,0,right,72,0.917,data/raw/dexycb/20200709-subject-01/20200709_142802/932122061900,data/cache/gloved/G2/20200709_142802/932122061900
20200709_142802,932122061900,G3a,004_sugar_box,0,right,72,0.917,data/raw/dexycb/20200709-subject-01/20200709_142802/932122061900,data/cache/gloved/G3a/20200709_142802/932122061900
20200709_142802,932122061900,G3b_k1,004_sugar_box,0,right,72,0.917,data/raw/dexycb/20200709-subject-01/20200709_142802/932122061900,data/cache/gloved/G3b_k1/20200709_142802/932122061900
20200709_142802,932122061900,G3b_k2,004_sugar_box,0,right,72,0.917,data/raw/dexycb/20200709-subject-01/20200709_142802/932122061900,data/cache/gloved/G3b_k2/20200709_142802/932122061900
20200709_142802,932122061900,G3b_k3,004_sugar_box,0,right,72,0.917,data/raw/dexycb/20200709-subject-01/20200709_142802/932122061900,data/cache/gloved/G3b_k3/20200709_142802/932122061900
20200709_142802,932122061900,G3b_k4,004_sugar_box,0,right,72,0.917,data/raw/dexycb/20200709-subject-01/20200709_142802/932122061900,data/cache/gloved/G3b_k4/20200709_142802/932122061900
20200709_142802,932122061900,G4,004_sugar_box,0,right,72,0.917,data/raw/dexycb/20200709-subject-01/20200709_142802/932122061900,data/cache/gloved/G4/20200709_142802/932122061900
20200709_142802,932122061900,G4b_k4,004_sugar_box,0,right,72,0.917,data/raw/dexycb/20200709-subject-01/20200709_142802/932122061900,data/cache/gloved/G4b_k4/20200709_142802/932122061900
20200709_142802,932122062010,G0,004_sugar_box,0,right,72,0.917,data/raw/dexycb/20200709-subject-01/20200709_142802/932122062010,data/cache/gloved/G0/20200709_142802/932122062010
20200709_142802,932122062010,G1,004_sugar_box,0,right,72,0.917,data/raw/dexycb/20200709-subject-01/20200709_142802/932122062010,data/cache/gloved/G1/20200709_142802/932122062010
20200709_142802,932122062010,G2,004_sugar_box,0,right,72,0.917,data/raw/dexycb/20200709-subject-01/20200709_142802/932122062010,data/cache/gloved/G2/20200709_142802/932122062010
20200709_142802,932122062010,G3a,004_sugar_box,0,right,72,0.917,data/raw/dexycb/20200709-subject-01/20200709_142802/932122062010,data/cache/gloved/G3a/20200709_142802/932122062010
20200709_142802,932122062010,G3b_k1,004_sugar_box,0,right,72,0.917,data/raw/dexycb/20200709-subject-01/20200709_142802/932122062010,data/cache/gloved/G3b_k1/20200709_142802/932122062010
20200709_142802,932122062010,G3b_k2,004_sugar_box,0,right,72,0.917,data/raw/dexycb/20200709-subject-01/20200709_142802/932122062010,data/cache/gloved/G3b_k2/20200709_142802/932122062010
20200709_142802,932122062010,G3b_k3,004_sugar_box,0,right,72,0.917,data/raw/dexycb/20200709-subject-01/20200709_142802/932122062010,data/cache/gloved/G3b_k3/20200709_142802/932122062010
20200709_142802,932122062010,G3b_k4,004_sugar_box,0,right,72,0.917,data/raw/dexycb/20200709-subject-01/20200709_142802/932122062010,data/cache/gloved/G3b_k4/20200709_142802/932122062010
20200709_142802,932122062010,G4,004_sugar_box,0,right,72,0.917,data/raw/dexycb/20200709-subject-01/20200709_142802/932122062010,data/cache/gloved/G4/20200709_142802/932122062010
20200709_142802,932122062010,G4b_k4,004_sugar_box,0,right,72,0.917,data/raw/dexycb/20200709-subject-01/20200709_142802/932122062010,data/cache/gloved/G4b_k4/20200709_142802/932122062010
20200709_143125,932122061900,G0,005_tomato_soup_can,0,right,72,1.0,data/raw/dexycb/20200709-subject-01/20200709_143125/932122061900,data/cache/gloved/G0/20200709_143125/932122061900
20200709_143125,932122061900,G1,005_tomato_soup_can,0,right,72,1.0,data/raw/dexycb/20200709-subject-01/20200709_143125/932122061900,data/cache/gloved/G1/20200709_143125/932122061900
20200709_143125,932122061900,G2,005_tomato_soup_can,0,right,72,1.0,data/raw/dexycb/20200709-subject-01/20200709_143125/932122061900,data/cache/gloved/G2/20200709_143125/932122061900
20200709_143125,932122061900,G3a,005_tomato_soup_can,0,right,72,1.0,data/raw/dexycb/20200709-subject-01/20200709_143125/932122061900,data/cache/gloved/G3a/20200709_143125/932122061900
20200709_143125,932122061900,G3b_k1,005_tomato_soup_can,0,right,72,1.0,data/raw/dexycb/20200709-subject-01/20200709_143125/932122061900,data/cache/gloved/G3b_k1/20200709_143125/932122061900
20200709_143125,932122061900,G3b_k2,005_tomato_soup_can,0,right,72,1.0,data/raw/dexycb/20200709-subject-01/20200709_143125/932122061900,data/cache/gloved/G3b_k2/20200709_143125/932122061900
20200709_143125,932122061900,G3b_k3,005_tomato_soup_can,0,right,72,1.0,data/raw/dexycb/20200709-subject-01/20200709_143125/932122061900,data/cache/gloved/G3b_k3/20200709_143125/932122061900
20200709_143125,932122061900,G3b_k4,005_tomato_soup_can,0,right,72,1.0,data/raw/dexycb/20200709-subject-01/20200709_143125/932122061900,data/cache/gloved/G3b_k4/20200709_143125/932122061900
20200709_143125,932122061900,G4,005_tomato_soup_can,0,right,72,1.0,data/raw/dexycb/20200709-subject-01/20200709_143125/932122061900,data/cache/gloved/G4/20200709_143125/932122061900
20200709_143125,932122061900,G4b_k4,005_tomato_soup_can,0,right,72,1.0,data/raw/dexycb/20200709-subject-01/20200709_143125/932122061900,data/cache/gloved/G4b_k4/20200709_143125/932122061900
20200709_143125,932122062010,G0,005_tomato_soup_can,0,right,72,1.0,data/raw/dexycb/20200709-subject-01/20200709_143125/932122062010,data/cache/gloved/G0/20200709_143125/932122062010
20200709_143125,932122062010,G1,005_tomato_soup_can,0,right,72,1.0,data/raw/dexycb/20200709-subject-01/20200709_143125/932122062010,data/cache/gloved/G1/20200709_143125/932122062010
20200709_143125,932122062010,G2,005_tomato_soup_can,0,right,72,1.0,data/raw/dexycb/20200709-subject-01/20200709_143125/932122062010,data/cache/gloved/G2/20200709_143125/932122062010
20200709_143125,932122062010,G3a,005_tomato_soup_can,0,right,72,1.0,data/raw/dexycb/20200709-subject-01/20200709_143125/932122062010,data/cache/gloved/G3a/20200709_143125/932122062010
20200709_143125,932122062010,G3b_k1,005_tomato_soup_can,0,right,72,1.0,data/raw/dexycb/20200709-subject-01/20200709_143125/932122062010,data/cache/gloved/G3b_k1/20200709_143125/932122062010
20200709_143125,932122062010,G3b_k2,005_tomato_soup_can,0,right,72,1.0,data/raw/dexycb/20200709-subject-01/20200709_143125/932122062010,data/cache/gloved/G3b_k2/20200709_143125/932122062010
20200709_143125,932122062010,G3b_k3,005_tomato_soup_can,0,right,72,1.0,data/raw/dexycb/20200709-subject-01/20200709_143125/932122062010,data/cache/gloved/G3b_k3/20200709_143125/932122062010
20200709_143125,932122062010,G3b_k4,005_tomato_soup_can,0,right,72,1.0,data/raw/dexycb/20200709-subject-01/20200709_143125/932122062010,data/cache/gloved/G3b_k4/20200709_143125/932122062010
20200709_143125,932122062010,G4,005_tomato_soup_can,0,right,72,1.0,data/raw/dexycb/20200709-subject-01/20200709_143125/932122062010,data/cache/gloved/G4/20200709_143125/932122062010
20200709_143125,932122062010,G4b_k4,005_tomato_soup_can,0,right,72,1.0,data/raw/dexycb/20200709-subject-01/20200709_143125/932122062010,data/cache/gloved/G4b_k4/20200709_143125/932122062010
20200709_143531,932122061900,G0,006_mustard_bottle,0,left,74,1.0,data/raw/dexycb/20200709-subject-01/20200709_143531/932122061900,data/cache/gloved/G0/20200709_143531/932122061900
20200709_143531,932122061900,G1,006_mustard_bottle,0,left,74,1.0,data/raw/dexycb/20200709-subject-01/20200709_143531/932122061900,data/cache/gloved/G1/20200709_143531/932122061900
20200709_143531,932122061900,G2,006_mustard_bottle,0,left,74,1.0,data/raw/dexycb/20200709-subject-01/20200709_143531/932122061900,data/cache/gloved/G2/20200709_143531/932122061900
20200709_143531,932122061900,G3a,006_mustard_bottle,0,left,74,1.0,data/raw/dexycb/20200709-subject-01/20200709_143531/932122061900,data/cache/gloved/G3a/20200709_143531/932122061900
20200709_143531,932122061900,G3b_k1,006_mustard_bottle,0,left,74,1.0,data/raw/dexycb/20200709-subject-01/20200709_143531/932122061900,data/cache/gloved/G3b_k1/20200709_143531/932122061900
20200709_143531,932122061900,G3b_k2,006_mustard_bottle,0,left,74,1.0,data/raw/dexycb/20200709-subject-01/20200709_143531/932122061900,data/cache/gloved/G3b_k2/20200709_143531/932122061900
20200709_143531,932122061900,G3b_k3,006_mustard_bottle,0,left,74,1.0,data/raw/dexycb/20200709-subject-01/20200709_143531/932122061900,data/cache/gloved/G3b_k3/20200709_143531/932122061900
20200709_143531,932122061900,G3b_k4,006_mustard_bottle,0,left,74,1.0,data/raw/dexycb/20200709-subject-01/20200709_143531/932122061900,data/cache/gloved/G3b_k4/20200709_143531/932122061900
20200709_143531,932122061900,G4,006_mustard_bottle,0,left,74,1.0,data/raw/dexycb/20200709-subject-01/20200709_143531/932122061900,data/cache/gloved/G4/20200709_143531/932122061900
20200709_143531,932122061900,G4b_k4,006_mustard_bottle,0,left,74,1.0,data/raw/dexycb/20200709-subject-01/20200709_143531/932122061900,data/cache/gloved/G4b_k4/20200709_143531/932122061900
20200709_143531,932122062010,G0,006_mustard_bottle,0,left,74,0.923,data/raw/dexycb/20200709-subject-01/20200709_143531/932122062010,data/cache/gloved/G0/20200709_143531/932122062010
20200709_143531,932122062010,G1,006_mustard_bottle,0,left,74,0.923,data/raw/dexycb/20200709-subject-01/20200709_143531/932122062010,data/cache/gloved/G1/20200709_143531/932122062010
20200709_143531,932122062010,G2,006_mustard_bottle,0,left,74,0.923,data/raw/dexycb/20200709-subject-01/20200709_143531/932122062010,data/cache/gloved/G2/20200709_143531/932122062010
20200709_143531,932122062010,G3a,006_mustard_bottle,0,left,74,0.923,data/raw/dexycb/20200709-subject-01/20200709_143531/932122062010,data/cache/gloved/G3a/20200709_143531/932122062010
20200709_143531,932122062010,G3b_k1,006_mustard_bottle,0,left,74,0.923,data/raw/dexycb/20200709-subject-01/20200709_143531/932122062010,data/cache/gloved/G3b_k1/20200709_143531/932122062010
20200709_143531,932122062010,G3b_k2,006_mustard_bottle,0,left,74,0.923,data/raw/dexycb/20200709-subject-01/20200709_143531/932122062010,data/cache/gloved/G3b_k2/20200709_143531/932122062010
20200709_143531,932122062010,G3b_k3,006_mustard_bottle,0,left,74,0.923,data/raw/dexycb/20200709-subject-01/20200709_143531/932122062010,data/cache/gloved/G3b_k3/20200709_143531/932122062010
20200709_143531,932122062010,G3b_k4,006_mustard_bottle,0,left,74,0.923,data/raw/dexycb/20200709-subject-01/20200709_143531/932122062010,data/cache/gloved/G3b_k4/20200709_143531/932122062010
20200709_143531,932122062010,G4,006_mustard_bottle,0,left,74,0.923,data/raw/dexycb/20200709-subject-01/20200709_143531/932122062010,data/cache/gloved/G4/20200709_143531/932122062010
20200709_143531,932122062010,G4b_k4,006_mustard_bottle,0,left,74,0.923,data/raw/dexycb/20200709-subject-01/20200709_143531/932122062010,data/cache/gloved/G4b_k4/20200709_143531/932122062010
20200709_143907,932122061900,G0,007_tuna_fish_can,0,right,72,0.917,data/raw/dexycb/20200709-subject-01/20200709_143907/932122061900,data/cache/gloved/G0/20200709_143907/932122061900
20200709_143907,932122061900,G1,007_tuna_fish_can,0,right,72,0.917,data/raw/dexycb/20200709-subject-01/20200709_143907/932122061900,data/cache/gloved/G1/20200709_143907/932122061900
20200709_143907,932122061900,G2,007_tuna_fish_can,0,right,72,0.917,data/raw/dexycb/20200709-subject-01/20200709_143907/932122061900,data/cache/gloved/G2/20200709_143907/932122061900
20200709_143907,932122061900,G3a,007_tuna_fish_can,0,right,72,0.917,data/raw/dexycb/20200709-subject-01/20200709_143907/932122061900,data/cache/gloved/G3a/20200709_143907/932122061900
20200709_143907,932122061900,G3b_k1,007_tuna_fish_can,0,right,72,0.917,data/raw/dexycb/20200709-subject-01/20200709_143907/932122061900,data/cache/gloved/G3b_k1/20200709_143907/932122061900
20200709_143907,932122061900,G3b_k2,007_tuna_fish_can,0,right,72,0.917,data/raw/dexycb/20200709-subject-01/20200709_143907/932122061900,data/cache/gloved/G3b_k2/20200709_143907/932122061900
20200709_143907,932122061900,G3b_k3,007_tuna_fish_can,0,right,72,0.917,data/raw/dexycb/20200709-subject-01/20200709_143907/932122061900,data/cache/gloved/G3b_k3/20200709_143907/932122061900
20200709_143907,932122061900,G3b_k4,007_tuna_fish_can,0,right,72,0.917,data/raw/dexycb/20200709-subject-01/20200709_143907/932122061900,data/cache/gloved/G3b_k4/20200709_143907/932122061900
20200709_143907,932122061900,G4,007_tuna_fish_can,0,right,72,0.917,data/raw/dexycb/20200709-subject-01/20200709_143907/932122061900,data/cache/gloved/G4/20200709_143907/932122061900
20200709_143907,932122061900,G4b_k4,007_tuna_fish_can,0,right,72,0.917,data/raw/dexycb/20200709-subject-01/20200709_143907/932122061900,data/cache/gloved/G4b_k4/20200709_143907/932122061900
20200709_143907,932122062010,G0,007_tuna_fish_can,0,right,72,0.917,data/raw/dexycb/20200709-subject-01/20200709_143907/932122062010,data/cache/gloved/G0/20200709_143907/932122062010
20200709_143907,932122062010,G1,007_tuna_fish_can,0,right,72,0.917,data/raw/dexycb/20200709-subject-01/20200709_143907/932122062010,data/cache/gloved/G1/20200709_143907/932122062010
20200709_143907,932122062010,G2,007_tuna_fish_can,0,right,72,0.917,data/raw/dexycb/20200709-subject-01/20200709_143907/932122062010,data/cache/gloved/G2/20200709_143907/932122062010
20200709_143907,932122062010,G3a,007_tuna_fish_can,0,right,72,0.917,data/raw/dexycb/20200709-subject-01/20200709_143907/932122062010,data/cache/gloved/G3a/20200709_143907/932122062010
20200709_143907,932122062010,G3b_k1,007_tuna_fish_can,0,right,72,0.917,data/raw/dexycb/20200709-subject-01/20200709_143907/932122062010,data/cache/gloved/G3b_k1/20200709_143907/932122062010
20200709_143907,932122062010,G3b_k2,007_tuna_fish_can,0,right,72,0.917,data/raw/dexycb/20200709-subject-01/20200709_143907/932122062010,data/cache/gloved/G3b_k2/20200709_143907/932122062010
20200709_143907,932122062010,G3b_k3,007_tuna_fish_can,0,right,72,0.917,data/raw/dexycb/20200709-subject-01/20200709_143907/932122062010,data/cache/gloved/G3b_k3/20200709_143907/932122062010
20200709_143907,932122062010,G3b_k4,007_tuna_fish_can,0,right,72,0.917,data/raw/dexycb/20200709-subject-01/20200709_143907/932122062010,data/cache/gloved/G3b_k4/20200709_143907/932122062010
20200709_143907,932122062010,G4,007_tuna_fish_can,0,right,72,0.917,data/raw/dexycb/20200709-subject-01/20200709_143907/932122062010,data/cache/gloved/G4/20200709_143907/932122062010
20200709_143907,932122062010,G4b_k4,007_tuna_fish_can,0,right,72,0.917,data/raw/dexycb/20200709-subject-01/20200709_143907/932122062010,data/cache/gloved/G4b_k4/20200709_143907/932122062010
20200709_144313,932122061900,G0,008_pudding_box,0,right,72,0.917,data/raw/dexycb/20200709-subject-01/20200709_144313/932122061900,data/cache/gloved/G0/20200709_144313/932122061900
20200709_144313,932122061900,G1,008_pudding_box,0,right,72,0.917,data/raw/dexycb/20200709-subject-01/20200709_144313/932122061900,data/cache/gloved/G1/20200709_144313/932122061900
20200709_144313,932122061900,G2,008_pudding_box,0,right,72,0.917,data/raw/dexycb/20200709-subject-01/20200709_144313/932122061900,data/cache/gloved/G2/20200709_144313/932122061900
20200709_144313,932122061900,G3a,008_pudding_box,0,right,72,0.917,data/raw/dexycb/20200709-subject-01/20200709_144313/932122061900,data/cache/gloved/G3a/20200709_144313/932122061900
20200709_144313,932122061900,G3b_k1,008_pudding_box,0,right,72,0.917,data/raw/dexycb/20200709-subject-01/20200709_144313/932122061900,data/cache/gloved/G3b_k1/20200709_144313/932122061900
20200709_144313,932122061900,G3b_k2,008_pudding_box,0,right,72,0.917,data/raw/dexycb/20200709-subject-01/20200709_144313/932122061900,data/cache/gloved/G3b_k2/20200709_144313/932122061900
20200709_144313,932122061900,G3b_k3,008_pudding_box,0,right,72,0.917,data/raw/dexycb/20200709-subject-01/20200709_144313/932122061900,data/cache/gloved/G3b_k3/20200709_144313/932122061900
20200709_144313,932122061900,G3b_k4,008_pudding_box,0,right,72,0.917,data/raw/dexycb/20200709-subject-01/20200709_144313/932122061900,data/cache/gloved/G3b_k4/20200709_144313/932122061900
20200709_144313,932122061900,G4,008_pudding_box,0,right,72,0.917,data/raw/dexycb/20200709-subject-01/20200709_144313/932122061900,data/cache/gloved/G4/20200709_144313/932122061900
20200709_144313,932122061900,G4b_k4,008_pudding_box,0,right,72,0.917,data/raw/dexycb/20200709-subject-01/20200709_144313/932122061900,data/cache/gloved/G4b_k4/20200709_144313/932122061900
20200709_144313,932122062010,G0,008_pudding_box,0,right,72,0.917,data/raw/dexycb/20200709-subject-01/20200709_144313/932122062010,data/cache/gloved/G0/20200709_144313/932122062010
20200709_144313,932122062010,G1,008_pudding_box,0,right,72,0.917,data/raw/dexycb/20200709-subject-01/20200709_144313/932122062010,data/cache/gloved/G1/20200709_144313/932122062010
20200709_144313,932122062010,G2,008_pudding_box,0,right,72,0.917,data/raw/dexycb/20200709-subject-01/20200709_144313/932122062010,data/cache/gloved/G2/20200709_144313/932122062010
20200709_144313,932122062010,G3a,008_pudding_box,0,right,72,0.917,data/raw/dexycb/20200709-subject-01/20200709_144313/932122062010,data/cache/gloved/G3a/20200709_144313/932122062010
20200709_144313,932122062010,G3b_k1,008_pudding_box,0,right,72,0.917,data/raw/dexycb/20200709-subject-01/20200709_144313/932122062010,data/cache/gloved/G3b_k1/20200709_144313/932122062010
20200709_144313,932122062010,G3b_k2,008_pudding_box,0,right,72,0.917,data/raw/dexycb/20200709-subject-01/20200709_144313/932122062010,data/cache/gloved/G3b_k2/20200709_144313/932122062010
20200709_144313,932122062010,G3b_k3,008_pudding_box,0,right,72,0.917,data/raw/dexycb/20200709-subject-01/20200709_144313/932122062010,data/cache/gloved/G3b_k3/20200709_144313/932122062010
20200709_144313,932122062010,G3b_k4,008_pudding_box,0,right,72,0.917,data/raw/dexycb/20200709-subject-01/20200709_144313/932122062010,data/cache/gloved/G3b_k4/20200709_144313/932122062010
20200709_144313,932122062010,G4,008_pudding_box,0,right,72,0.917,data/raw/dexycb/20200709-subject-01/20200709_144313/932122062010,data/cache/gloved/G4/20200709_144313/932122062010
20200709_144313,932122062010,G4b_k4,008_pudding_box,0,right,72,0.917,data/raw/dexycb/20200709-subject-01/20200709_144313/932122062010,data/cache/gloved/G4b_k4/20200709_144313/932122062010
20200709_144735,932122061900,G0,009_gelatin_box,0,left,72,1.0,data/raw/dexycb/20200709-subject-01/20200709_144735/932122061900,data/cache/gloved/G0/20200709_144735/932122061900
20200709_144735,932122061900,G1,009_gelatin_box,0,left,72,1.0,data/raw/dexycb/20200709-subject-01/20200709_144735/932122061900,data/cache/gloved/G1/20200709_144735/932122061900
20200709_144735,932122061900,G2,009_gelatin_box,0,left,72,1.0,data/raw/dexycb/20200709-subject-01/20200709_144735/932122061900,data/cache/gloved/G2/20200709_144735/932122061900
20200709_144735,932122061900,G3a,009_gelatin_box,0,left,72,1.0,data/raw/dexycb/20200709-subject-01/20200709_144735/932122061900,data/cache/gloved/G3a/20200709_144735/932122061900
20200709_144735,932122061900,G3b_k1,009_gelatin_box,0,left,72,1.0,data/raw/dexycb/20200709-subject-01/20200709_144735/932122061900,data/cache/gloved/G3b_k1/20200709_144735/932122061900
20200709_144735,932122061900,G3b_k2,009_gelatin_box,0,left,72,1.0,data/raw/dexycb/20200709-subject-01/20200709_144735/932122061900,data/cache/gloved/G3b_k2/20200709_144735/932122061900
20200709_144735,932122061900,G3b_k3,009_gelatin_box,0,left,72,1.0,data/raw/dexycb/20200709-subject-01/20200709_144735/932122061900,data/cache/gloved/G3b_k3/20200709_144735/932122061900
20200709_144735,932122061900,G3b_k4,009_gelatin_box,0,left,72,1.0,data/raw/dexycb/20200709-subject-01/20200709_144735/932122061900,data/cache/gloved/G3b_k4/20200709_144735/932122061900
20200709_144735,932122061900,G4,009_gelatin_box,0,left,72,1.0,data/raw/dexycb/20200709-subject-01/20200709_144735/932122061900,data/cache/gloved/G4/20200709_144735/932122061900
20200709_144735,932122061900,G4b_k4,009_gelatin_box,0,left,72,1.0,data/raw/dexycb/20200709-subject-01/20200709_144735/932122061900,data/cache/gloved/G4b_k4/20200709_144735/932122061900
20200709_144735,932122062010,G0,009_gelatin_box,0,left,72,1.0,data/raw/dexycb/20200709-subject-01/20200709_144735/932122062010,data/cache/gloved/G0/20200709_144735/932122062010
20200709_144735,932122062010,G1,009_gelatin_box,0,left,72,1.0,data/raw/dexycb/20200709-subject-01/20200709_144735/932122062010,data/cache/gloved/G1/20200709_144735/932122062010
20200709_144735,932122062010,G2,009_gelatin_box,0,left,72,1.0,data/raw/dexycb/20200709-subject-01/20200709_144735/932122062010,data/cache/gloved/G2/20200709_144735/932122062010
20200709_144735,932122062010,G3a,009_gelatin_box,0,left,72,1.0,data/raw/dexycb/20200709-subject-01/20200709_144735/932122062010,data/cache/gloved/G3a/20200709_144735/932122062010
20200709_144735,932122062010,G3b_k1,009_gelatin_box,0,left,72,1.0,data/raw/dexycb/20200709-subject-01/20200709_144735/932122062010,data/cache/gloved/G3b_k1/20200709_144735/932122062010
20200709_144735,932122062010,G3b_k2,009_gelatin_box,0,left,72,1.0,data/raw/dexycb/20200709-subject-01/20200709_144735/932122062010,data/cache/gloved/G3b_k2/20200709_144735/932122062010
20200709_144735,932122062010,G3b_k3,009_gelatin_box,0,left,72,1.0,data/raw/dexycb/20200709-subject-01/20200709_144735/932122062010,data/cache/gloved/G3b_k3/20200709_144735/932122062010
20200709_144735,932122062010,G3b_k4,009_gelatin_box,0,left,72,1.0,data/raw/dexycb/20200709-subject-01/20200709_144735/932122062010,data/cache/gloved/G3b_k4/20200709_144735/932122062010
20200709_144735,932122062010,G4,009_gelatin_box,0,left,72,1.0,data/raw/dexycb/20200709-subject-01/20200709_144735/932122062010,data/cache/gloved/G4/20200709_144735/932122062010
20200709_144735,932122062010,G4b_k4,009_gelatin_box,0,left,72,1.0,data/raw/dexycb/20200709-subject-01/20200709_144735/932122062010,data/cache/gloved/G4b_k4/20200709_144735/932122062010
20200709_145132,932122061900,G0,010_potted_meat_can,0,left,74,0.923,data/raw/dexycb/20200709-subject-01/20200709_145132/932122061900,data/cache/gloved/G0/20200709_145132/932122061900
20200709_145132,932122061900,G1,010_potted_meat_can,0,left,74,0.923,data/raw/dexycb/20200709-subject-01/20200709_145132/932122061900,data/cache/gloved/G1/20200709_145132/932122061900
20200709_145132,932122061900,G2,010_potted_meat_can,0,left,74,0.923,data/raw/dexycb/20200709-subject-01/20200709_145132/932122061900,data/cache/gloved/G2/20200709_145132/932122061900
20200709_145132,932122061900,G3a,010_potted_meat_can,0,left,74,0.923,data/raw/dexycb/20200709-subject-01/20200709_145132/932122061900,data/cache/gloved/G3a/20200709_145132/932122061900
20200709_145132,932122061900,G3b_k1,010_potted_meat_can,0,left,74,0.923,data/raw/dexycb/20200709-subject-01/20200709_145132/932122061900,data/cache/gloved/G3b_k1/20200709_145132/932122061900
20200709_145132,932122061900,G3b_k2,010_potted_meat_can,0,left,74,0.923,data/raw/dexycb/20200709-subject-01/20200709_145132/932122061900,data/cache/gloved/G3b_k2/20200709_145132/932122061900
20200709_145132,932122061900,G3b_k3,010_potted_meat_can,0,left,74,0.923,data/raw/dexycb/20200709-subject-01/20200709_145132/932122061900,data/cache/gloved/G3b_k3/20200709_145132/932122061900
20200709_145132,932122061900,G3b_k4,010_potted_meat_can,0,left,74,0.923,data/raw/dexycb/20200709-subject-01/20200709_145132/932122061900,data/cache/gloved/G3b_k4/20200709_145132/932122061900
20200709_145132,932122061900,G4,010_potted_meat_can,0,left,74,0.923,data/raw/dexycb/20200709-subject-01/20200709_145132/932122061900,data/cache/gloved/G4/20200709_145132/932122061900
20200709_145132,932122061900,G4b_k4,010_potted_meat_can,0,left,74,0.923,data/raw/dexycb/20200709-subject-01/20200709_145132/932122061900,data/cache/gloved/G4b_k4/20200709_145132/932122061900
20200709_145132,932122062010,G0,010_potted_meat_can,0,left,74,0.923,data/raw/dexycb/20200709-subject-01/20200709_145132/932122062010,data/cache/gloved/G0/20200709_145132/932122062010
20200709_145132,932122062010,G1,010_potted_meat_can,0,left,74,0.923,data/raw/dexycb/20200709-subject-01/20200709_145132/932122062010,data/cache/gloved/G1/20200709_145132/932122062010
20200709_145132,932122062010,G2,010_potted_meat_can,0,left,74,0.923,data/raw/dexycb/20200709-subject-01/20200709_145132/932122062010,data/cache/gloved/G2/20200709_145132/932122062010
20200709_145132,932122062010,G3a,010_potted_meat_can,0,left,74,0.923,data/raw/dexycb/20200709-subject-01/20200709_145132/932122062010,data/cache/gloved/G3a/20200709_145132/932122062010
20200709_145132,932122062010,G3b_k1,010_potted_meat_can,0,left,74,0.923,data/raw/dexycb/20200709-subject-01/20200709_145132/932122062010,data/cache/gloved/G3b_k1/20200709_145132/932122062010
20200709_145132,932122062010,G3b_k2,010_potted_meat_can,0,left,74,0.923,data/raw/dexycb/20200709-subject-01/20200709_145132/932122062010,data/cache/gloved/G3b_k2/20200709_145132/932122062010
20200709_145132,932122062010,G3b_k3,010_potted_meat_can,0,left,74,0.923,data/raw/dexycb/20200709-subject-01/20200709_145132/932122062010,data/cache/gloved/G3b_k3/20200709_145132/932122062010
20200709_145132,932122062010,G3b_k4,010_potted_meat_can,0,left,74,0.923,data/raw/dexycb/20200709-subject-01/20200709_145132/932122062010,data/cache/gloved/G3b_k4/20200709_145132/932122062010
20200709_145132,932122062010,G4,010_potted_meat_can,0,left,74,0.923,data/raw/dexycb/20200709-subject-01/20200709_145132/932122062010,data/cache/gloved/G4/20200709_145132/932122062010
20200709_145132,932122062010,G4b_k4,010_potted_meat_can,0,left,74,0.923,data/raw/dexycb/20200709-subject-01/20200709_145132/932122062010,data/cache/gloved/G4b_k4/20200709_145132/932122062010
20200709_145743,932122061900,G0,011_banana,0,left,72,0.917,data/raw/dexycb/20200709-subject-01/20200709_145743/932122061900,data/cache/gloved/G0/20200709_145743/932122061900
20200709_145743,932122061900,G1,011_banana,0,left,72,0.917,data/raw/dexycb/20200709-subject-01/20200709_145743/932122061900,data/cache/gloved/G1/20200709_145743/932122061900
20200709_145743,932122061900,G2,011_banana,0,left,72,0.917,data/raw/dexycb/20200709-subject-01/20200709_145743/932122061900,data/cache/gloved/G2/20200709_145743/932122061900
20200709_145743,932122061900,G3a,011_banana,0,left,72,0.917,data/raw/dexycb/20200709-subject-01/20200709_145743/932122061900,data/cache/gloved/G3a/20200709_145743/932122061900
20200709_145743,932122061900,G3b_k1,011_banana,0,left,72,0.917,data/raw/dexycb/20200709-subject-01/20200709_145743/932122061900,data/cache/gloved/G3b_k1/20200709_145743/932122061900
20200709_145743,932122061900,G3b_k2,011_banana,0,left,72,0.917,data/raw/dexycb/20200709-subject-01/20200709_145743/932122061900,data/cache/gloved/G3b_k2/20200709_145743/932122061900
20200709_145743,932122061900,G3b_k3,011_banana,0,left,72,0.917,data/raw/dexycb/20200709-subject-01/20200709_145743/932122061900,data/cache/gloved/G3b_k3/20200709_145743/932122061900
20200709_145743,932122061900,G3b_k4,011_banana,0,left,72,0.917,data/raw/dexycb/20200709-subject-01/20200709_145743/932122061900,data/cache/gloved/G3b_k4/20200709_145743/932122061900
20200709_145743,932122061900,G4,011_banana,0,left,72,0.917,data/raw/dexycb/20200709-subject-01/20200709_145743/932122061900,data/cache/gloved/G4/20200709_145743/932122061900
20200709_145743,932122061900,G4b_k4,011_banana,0,left,72,0.917,data/raw/dexycb/20200709-subject-01/20200709_145743/932122061900,data/cache/gloved/G4b_k4/20200709_145743/932122061900
20200709_145743,932122062010,G0,011_banana,0,left,72,0.917,data/raw/dexycb/20200709-subject-01/20200709_145743/932122062010,data/cache/gloved/G0/20200709_145743/932122062010
20200709_145743,932122062010,G1,011_banana,0,left,72,0.917,data/raw/dexycb/20200709-subject-01/20200709_145743/932122062010,data/cache/gloved/G1/20200709_145743/932122062010
20200709_145743,932122062010,G2,011_banana,0,left,72,0.917,data/raw/dexycb/20200709-subject-01/20200709_145743/932122062010,data/cache/gloved/G2/20200709_145743/932122062010
20200709_145743,932122062010,G3a,011_banana,0,left,72,0.917,data/raw/dexycb/20200709-subject-01/20200709_145743/932122062010,data/cache/gloved/G3a/20200709_145743/932122062010
20200709_145743,932122062010,G3b_k1,011_banana,0,left,72,0.917,data/raw/dexycb/20200709-subject-01/20200709_145743/932122062010,data/cache/gloved/G3b_k1/20200709_145743/932122062010
20200709_145743,932122062010,G3b_k2,011_banana,0,left,72,0.917,data/raw/dexycb/20200709-subject-01/20200709_145743/932122062010,data/cache/gloved/G3b_k2/20200709_145743/932122062010
20200709_145743,932122062010,G3b_k3,011_banana,0,left,72,0.917,data/raw/dexycb/20200709-subject-01/20200709_145743/932122062010,data/cache/gloved/G3b_k3/20200709_145743/932122062010
20200709_145743,932122062010,G3b_k4,011_banana,0,left,72,0.917,data/raw/dexycb/20200709-subject-01/20200709_145743/932122062010,data/cache/gloved/G3b_k4/20200709_145743/932122062010
20200709_145743,932122062010,G4,011_banana,0,left,72,0.917,data/raw/dexycb/20200709-subject-01/20200709_145743/932122062010,data/cache/gloved/G4/20200709_145743/932122062010
20200709_145743,932122062010,G4b_k4,011_banana,0,left,72,0.917,data/raw/dexycb/20200709-subject-01/20200709_145743/932122062010,data/cache/gloved/G4b_k4/20200709_145743/932122062010
20200709_150144,932122061900,G0,019_pitcher_base,0,right,72,0.917,data/raw/dexycb/20200709-subject-01/20200709_150144/932122061900,data/cache/gloved/G0/20200709_150144/932122061900
20200709_150144,932122061900,G1,019_pitcher_base,0,right,72,0.917,data/raw/dexycb/20200709-subject-01/20200709_150144/932122061900,data/cache/gloved/G1/20200709_150144/932122061900
20200709_150144,932122061900,G2,019_pitcher_base,0,right,72,0.917,data/raw/dexycb/20200709-subject-01/20200709_150144/932122061900,data/cache/gloved/G2/20200709_150144/932122061900
20200709_150144,932122061900,G3a,019_pitcher_base,0,right,72,0.917,data/raw/dexycb/20200709-subject-01/20200709_150144/932122061900,data/cache/gloved/G3a/20200709_150144/932122061900
20200709_150144,932122061900,G3b_k1,019_pitcher_base,0,right,72,0.917,data/raw/dexycb/20200709-subject-01/20200709_150144/932122061900,data/cache/gloved/G3b_k1/20200709_150144/932122061900
20200709_150144,932122061900,G3b_k2,019_pitcher_base,0,right,72,0.917,data/raw/dexycb/20200709-subject-01/20200709_150144/932122061900,data/cache/gloved/G3b_k2/20200709_150144/932122061900
20200709_150144,932122061900,G3b_k3,019_pitcher_base,0,right,72,0.917,data/raw/dexycb/20200709-subject-01/20200709_150144/932122061900,data/cache/gloved/G3b_k3/20200709_150144/932122061900
20200709_150144,932122061900,G3b_k4,019_pitcher_base,0,right,72,0.917,data/raw/dexycb/20200709-subject-01/20200709_150144/932122061900,data/cache/gloved/G3b_k4/20200709_150144/932122061900
20200709_150144,932122061900,G4,019_pitcher_base,0,right,72,0.917,data/raw/dexycb/20200709-subject-01/20200709_150144/932122061900,data/cache/gloved/G4/20200709_150144/932122061900
20200709_150144,932122061900,G4b_k4,019_pitcher_base,0,right,72,0.917,data/raw/dexycb/20200709-subject-01/20200709_150144/932122061900,data/cache/gloved/G4b_k4/20200709_150144/932122061900
20200709_150144,932122062010,G0,019_pitcher_base,0,right,72,0.917,data/raw/dexycb/20200709-subject-01/20200709_150144/932122062010,data/cache/gloved/G0/20200709_150144/932122062010
20200709_150144,932122062010,G1,019_pitcher_base,0,right,72,0.917,data/raw/dexycb/20200709-subject-01/20200709_150144/932122062010,data/cache/gloved/G1/20200709_150144/932122062010
20200709_150144,932122062010,G2,019_pitcher_base,0,right,72,0.917,data/raw/dexycb/20200709-subject-01/20200709_150144/932122062010,data/cache/gloved/G2/20200709_150144/932122062010
20200709_150144,932122062010,G3a,019_pitcher_base,0,right,72,0.917,data/raw/dexycb/20200709-subject-01/20200709_150144/932122062010,data/cache/gloved/G3a/20200709_150144/932122062010
20200709_150144,932122062010,G3b_k1,019_pitcher_base,0,right,72,0.917,data/raw/dexycb/20200709-subject-01/20200709_150144/932122062010,data/cache/gloved/G3b_k1/20200709_150144/932122062010
20200709_150144,932122062010,G3b_k2,019_pitcher_base,0,right,72,0.917,data/raw/dexycb/20200709-subject-01/20200709_150144/932122062010,data/cache/gloved/G3b_k2/20200709_150144/932122062010
20200709_150144,932122062010,G3b_k3,019_pitcher_base,0,right,72,0.917,data/raw/dexycb/20200709-subject-01/20200709_150144/932122062010,data/cache/gloved/G3b_k3/20200709_150144/932122062010
20200709_150144,932122062010,G3b_k4,019_pitcher_base,0,right,72,0.917,data/raw/dexycb/20200709-subject-01/20200709_150144/932122062010,data/cache/gloved/G3b_k4/20200709_150144/932122062010
20200709_150144,932122062010,G4,019_pitcher_base,0,right,72,0.917,data/raw/dexycb/20200709-subject-01/20200709_150144/932122062010,data/cache/gloved/G4/20200709_150144/932122062010
20200709_150144,932122062010,G4b_k4,019_pitcher_base,0,right,72,0.917,data/raw/dexycb/20200709-subject-01/20200709_150144/932122062010,data/cache/gloved/G4b_k4/20200709_150144/932122062010
20200709_150524,932122061900,G0,021_bleach_cleanser,0,left,72,0.917,data/raw/dexycb/20200709-subject-01/20200709_150524/932122061900,data/cache/gloved/G0/20200709_150524/932122061900
20200709_150524,932122061900,G1,021_bleach_cleanser,0,left,72,0.917,data/raw/dexycb/20200709-subject-01/20200709_150524/932122061900,data/cache/gloved/G1/20200709_150524/932122061900
20200709_150524,932122061900,G2,021_bleach_cleanser,0,left,72,0.917,data/raw/dexycb/20200709-subject-01/20200709_150524/932122061900,data/cache/gloved/G2/20200709_150524/932122061900
20200709_150524,932122061900,G3a,021_bleach_cleanser,0,left,72,0.917,data/raw/dexycb/20200709-subject-01/20200709_150524/932122061900,data/cache/gloved/G3a/20200709_150524/932122061900
20200709_150524,932122061900,G3b_k1,021_bleach_cleanser,0,left,72,0.917,data/raw/dexycb/20200709-subject-01/20200709_150524/932122061900,data/cache/gloved/G3b_k1/20200709_150524/932122061900
20200709_150524,932122061900,G3b_k2,021_bleach_cleanser,0,left,72,0.917,data/raw/dexycb/20200709-subject-01/20200709_150524/932122061900,data/cache/gloved/G3b_k2/20200709_150524/932122061900
20200709_150524,932122061900,G3b_k3,021_bleach_cleanser,0,left,72,0.917,data/raw/dexycb/20200709-subject-01/20200709_150524/932122061900,data/cache/gloved/G3b_k3/20200709_150524/932122061900
20200709_150524,932122061900,G3b_k4,021_bleach_cleanser,0,left,72,0.917,data/raw/dexycb/20200709-subject-01/20200709_150524/932122061900,data/cache/gloved/G3b_k4/20200709_150524/932122061900
20200709_150524,932122061900,G4,021_bleach_cleanser,0,left,72,0.917,data/raw/dexycb/20200709-subject-01/20200709_150524/932122061900,data/cache/gloved/G4/20200709_150524/932122061900
20200709_150524,932122061900,G4b_k4,021_bleach_cleanser,0,left,72,0.917,data/raw/dexycb/20200709-subject-01/20200709_150524/932122061900,data/cache/gloved/G4b_k4/20200709_150524/932122061900
20200709_150524,932122062010,G0,021_bleach_cleanser,0,left,72,0.917,data/raw/dexycb/20200709-subject-01/20200709_150524/932122062010,data/cache/gloved/G0/20200709_150524/932122062010
20200709_150524,932122062010,G1,021_bleach_cleanser,0,left,72,0.917,data/raw/dexycb/20200709-subject-01/20200709_150524/932122062010,data/cache/gloved/G1/20200709_150524/932122062010
20200709_150524,932122062010,G2,021_bleach_cleanser,0,left,72,0.917,data/raw/dexycb/20200709-subject-01/20200709_150524/932122062010,data/cache/gloved/G2/20200709_150524/932122062010
20200709_150524,932122062010,G3a,021_bleach_cleanser,0,left,72,0.917,data/raw/dexycb/20200709-subject-01/20200709_150524/932122062010,data/cache/gloved/G3a/20200709_150524/932122062010
20200709_150524,932122062010,G3b_k1,021_bleach_cleanser,0,left,72,0.917,data/raw/dexycb/20200709-subject-01/20200709_150524/932122062010,data/cache/gloved/G3b_k1/20200709_150524/932122062010
20200709_150524,932122062010,G3b_k2,021_bleach_cleanser,0,left,72,0.917,data/raw/dexycb/20200709-subject-01/20200709_150524/932122062010,data/cache/gloved/G3b_k2/20200709_150524/932122062010
20200709_150524,932122062010,G3b_k3,021_bleach_cleanser,0,left,72,0.917,data/raw/dexycb/20200709-subject-01/20200709_150524/932122062010,data/cache/gloved/G3b_k3/20200709_150524/932122062010
20200709_150524,932122062010,G3b_k4,021_bleach_cleanser,0,left,72,0.917,data/raw/dexycb/20200709-subject-01/20200709_150524/932122062010,data/cache/gloved/G3b_k4/20200709_150524/932122062010
20200709_150524,932122062010,G4,021_bleach_cleanser,0,left,72,0.917,data/raw/dexycb/20200709-subject-01/20200709_150524/932122062010,data/cache/gloved/G4/20200709_150524/932122062010
20200709_150524,932122062010,G4b_k4,021_bleach_cleanser,0,left,72,0.917,data/raw/dexycb/20200709-subject-01/20200709_150524/932122062010,data/cache/gloved/G4b_k4/20200709_150524/932122062010
20200709_150906,932122061900,G0,024_bowl,0,right,74,0.923,data/raw/dexycb/20200709-subject-01/20200709_150906/932122061900,data/cache/gloved/G0/20200709_150906/932122061900
20200709_150906,932122061900,G1,024_bowl,0,right,74,0.923,data/raw/dexycb/20200709-subject-01/20200709_150906/932122061900,data/cache/gloved/G1/20200709_150906/932122061900
20200709_150906,932122061900,G2,024_bowl,0,right,74,0.923,data/raw/dexycb/20200709-subject-01/20200709_150906/932122061900,data/cache/gloved/G2/20200709_150906/932122061900
20200709_150906,932122061900,G3a,024_bowl,0,right,74,0.923,data/raw/dexycb/20200709-subject-01/20200709_150906/932122061900,data/cache/gloved/G3a/20200709_150906/932122061900
20200709_150906,932122061900,G3b_k1,024_bowl,0,right,74,0.923,data/raw/dexycb/20200709-subject-01/20200709_150906/932122061900,data/cache/gloved/G3b_k1/20200709_150906/932122061900
20200709_150906,932122061900,G3b_k2,024_bowl,0,right,74,0.923,data/raw/dexycb/20200709-subject-01/20200709_150906/932122061900,data/cache/gloved/G3b_k2/20200709_150906/932122061900
20200709_150906,932122061900,G3b_k3,024_bowl,0,right,74,0.923,data/raw/dexycb/20200709-subject-01/20200709_150906/932122061900,data/cache/gloved/G3b_k3/20200709_150906/932122061900
20200709_150906,932122061900,G3b_k4,024_bowl,0,right,74,0.923,data/raw/dexycb/20200709-subject-01/20200709_150906/932122061900,data/cache/gloved/G3b_k4/20200709_150906/932122061900
20200709_150906,932122061900,G4,024_bowl,0,right,74,0.923,data/raw/dexycb/20200709-subject-01/20200709_150906/932122061900,data/cache/gloved/G4/20200709_150906/932122061900
20200709_150906,932122061900,G4b_k4,024_bowl,0,right,74,0.923,data/raw/dexycb/20200709-subject-01/20200709_150906/932122061900,data/cache/gloved/G4b_k4/20200709_150906/932122061900
20200709_150906,932122062010,G0,024_bowl,0,right,74,0.923,data/raw/dexycb/20200709-subject-01/20200709_150906/932122062010,data/cache/gloved/G0/20200709_150906/932122062010
20200709_150906,932122062010,G1,024_bowl,0,right,74,0.923,data/raw/dexycb/20200709-subject-01/20200709_150906/932122062010,data/cache/gloved/G1/20200709_150906/932122062010
20200709_150906,932122062010,G2,024_bowl,0,right,74,0.923,data/raw/dexycb/20200709-subject-01/20200709_150906/932122062010,data/cache/gloved/G2/20200709_150906/932122062010
20200709_150906,932122062010,G3a,024_bowl,0,right,74,0.923,data/raw/dexycb/20200709-subject-01/20200709_150906/932122062010,data/cache/gloved/G3a/20200709_150906/932122062010
20200709_150906,932122062010,G3b_k1,024_bowl,0,right,74,0.923,data/raw/dexycb/20200709-subject-01/20200709_150906/932122062010,data/cache/gloved/G3b_k1/20200709_150906/932122062010
20200709_150906,932122062010,G3b_k2,024_bowl,0,right,74,0.923,data/raw/dexycb/20200709-subject-01/20200709_150906/932122062010,data/cache/gloved/G3b_k2/20200709_150906/932122062010
20200709_150906,932122062010,G3b_k3,024_bowl,0,right,74,0.923,data/raw/dexycb/20200709-subject-01/20200709_150906/932122062010,data/cache/gloved/G3b_k3/20200709_150906/932122062010
20200709_150906,932122062010,G3b_k4,024_bowl,0,right,74,0.923,data/raw/dexycb/20200709-subject-01/20200709_150906/932122062010,data/cache/gloved/G3b_k4/20200709_150906/932122062010
20200709_150906,932122062010,G4,024_bowl,0,right,74,0.923,data/raw/dexycb/20200709-subject-01/20200709_150906/932122062010,data/cache/gloved/G4/20200709_150906/932122062010
20200709_150906,932122062010,G4b_k4,024_bowl,0,right,74,0.923,data/raw/dexycb/20200709-subject-01/20200709_150906/932122062010,data/cache/gloved/G4b_k4/20200709_150906/932122062010
20200709_151246,932122061900,G0,025_mug,0,left,74,0.923,data/raw/dexycb/20200709-subject-01/20200709_151246/932122061900,data/cache/gloved/G0/20200709_151246/932122061900
20200709_151246,932122061900,G1,025_mug,0,left,74,0.923,data/raw/dexycb/20200709-subject-01/20200709_151246/932122061900,data/cache/gloved/G1/20200709_151246/932122061900
20200709_151246,932122061900,G2,025_mug,0,left,74,0.923,data/raw/dexycb/20200709-subject-01/20200709_151246/932122061900,data/cache/gloved/G2/20200709_151246/932122061900
20200709_151246,932122061900,G3a,025_mug,0,left,74,0.923,data/raw/dexycb/20200709-subject-01/20200709_151246/932122061900,data/cache/gloved/G3a/20200709_151246/932122061900
20200709_151246,932122061900,G3b_k1,025_mug,0,left,74,0.923,data/raw/dexycb/20200709-subject-01/20200709_151246/932122061900,data/cache/gloved/G3b_k1/20200709_151246/932122061900
20200709_151246,932122061900,G3b_k2,025_mug,0,left,74,0.923,data/raw/dexycb/20200709-subject-01/20200709_151246/932122061900,data/cache/gloved/G3b_k2/20200709_151246/932122061900
20200709_151246,932122061900,G3b_k3,025_mug,0,left,74,0.923,data/raw/dexycb/20200709-subject-01/20200709_151246/932122061900,data/cache/gloved/G3b_k3/20200709_151246/932122061900
20200709_151246,932122061900,G3b_k4,025_mug,0,left,74,0.923,data/raw/dexycb/20200709-subject-01/20200709_151246/932122061900,data/cache/gloved/G3b_k4/20200709_151246/932122061900
20200709_151246,932122061900,G4,025_mug,0,left,74,0.923,data/raw/dexycb/20200709-subject-01/20200709_151246/932122061900,data/cache/gloved/G4/20200709_151246/932122061900
20200709_151246,932122061900,G4b_k4,025_mug,0,left,74,0.923,data/raw/dexycb/20200709-subject-01/20200709_151246/932122061900,data/cache/gloved/G4b_k4/20200709_151246/932122061900
20200709_151246,932122062010,G0,025_mug,0,left,74,0.923,data/raw/dexycb/20200709-subject-01/20200709_151246/932122062010,data/cache/gloved/G0/20200709_151246/932122062010
20200709_151246,932122062010,G1,025_mug,0,left,74,0.923,data/raw/dexycb/20200709-subject-01/20200709_151246/932122062010,data/cache/gloved/G1/20200709_151246/932122062010
20200709_151246,932122062010,G2,025_mug,0,left,74,0.923,data/raw/dexycb/20200709-subject-01/20200709_151246/932122062010,data/cache/gloved/G2/20200709_151246/932122062010
20200709_151246,932122062010,G3a,025_mug,0,left,74,0.923,data/raw/dexycb/20200709-subject-01/20200709_151246/932122062010,data/cache/gloved/G3a/20200709_151246/932122062010
20200709_151246,932122062010,G3b_k1,025_mug,0,left,74,0.923,data/raw/dexycb/20200709-subject-01/20200709_151246/932122062010,data/cache/gloved/G3b_k1/20200709_151246/932122062010
20200709_151246,932122062010,G3b_k2,025_mug,0,left,74,0.923,data/raw/dexycb/20200709-subject-01/20200709_151246/932122062010,data/cache/gloved/G3b_k2/20200709_151246/932122062010
20200709_151246,932122062010,G3b_k3,025_mug,0,left,74,0.923,data/raw/dexycb/20200709-subject-01/20200709_151246/932122062010,data/cache/gloved/G3b_k3/20200709_151246/932122062010
20200709_151246,932122062010,G3b_k4,025_mug,0,left,74,0.923,data/raw/dexycb/20200709-subject-01/20200709_151246/932122062010,data/cache/gloved/G3b_k4/20200709_151246/932122062010
20200709_151246,932122062010,G4,025_mug,0,left,74,0.923,data/raw/dexycb/20200709-subject-01/20200709_151246/932122062010,data/cache/gloved/G4/20200709_151246/932122062010
20200709_151246,932122062010,G4b_k4,025_mug,0,left,74,0.923,data/raw/dexycb/20200709-subject-01/20200709_151246/932122062010,data/cache/gloved/G4b_k4/20200709_151246/932122062010
20200709_151632,932122061900,G0,035_power_drill,0,left,72,1.0,data/raw/dexycb/20200709-subject-01/20200709_151632/932122061900,data/cache/gloved/G0/20200709_151632/932122061900
20200709_151632,932122061900,G1,035_power_drill,0,left,72,1.0,data/raw/dexycb/20200709-subject-01/20200709_151632/932122061900,data/cache/gloved/G1/20200709_151632/932122061900
20200709_151632,932122061900,G2,035_power_drill,0,left,72,1.0,data/raw/dexycb/20200709-subject-01/20200709_151632/932122061900,data/cache/gloved/G2/20200709_151632/932122061900
20200709_151632,932122061900,G3a,035_power_drill,0,left,72,1.0,data/raw/dexycb/20200709-subject-01/20200709_151632/932122061900,data/cache/gloved/G3a/20200709_151632/932122061900
20200709_151632,932122061900,G3b_k1,035_power_drill,0,left,72,1.0,data/raw/dexycb/20200709-subject-01/20200709_151632/932122061900,data/cache/gloved/G3b_k1/20200709_151632/932122061900
20200709_151632,932122061900,G3b_k2,035_power_drill,0,left,72,1.0,data/raw/dexycb/20200709-subject-01/20200709_151632/932122061900,data/cache/gloved/G3b_k2/20200709_151632/932122061900
20200709_151632,932122061900,G3b_k3,035_power_drill,0,left,72,1.0,data/raw/dexycb/20200709-subject-01/20200709_151632/932122061900,data/cache/gloved/G3b_k3/20200709_151632/932122061900
20200709_151632,932122061900,G3b_k4,035_power_drill,0,left,72,1.0,data/raw/dexycb/20200709-subject-01/20200709_151632/932122061900,data/cache/gloved/G3b_k4/20200709_151632/932122061900
20200709_151632,932122061900,G4,035_power_drill,0,left,72,1.0,data/raw/dexycb/20200709-subject-01/20200709_151632/932122061900,data/cache/gloved/G4/20200709_151632/932122061900
20200709_151632,932122061900,G4b_k4,035_power_drill,0,left,72,1.0,data/raw/dexycb/20200709-subject-01/20200709_151632/932122061900,data/cache/gloved/G4b_k4/20200709_151632/932122061900
20200709_151632,932122062010,G0,035_power_drill,0,left,72,1.0,data/raw/dexycb/20200709-subject-01/20200709_151632/932122062010,data/cache/gloved/G0/20200709_151632/932122062010
20200709_151632,932122062010,G1,035_power_drill,0,left,72,1.0,data/raw/dexycb/20200709-subject-01/20200709_151632/932122062010,data/cache/gloved/G1/20200709_151632/932122062010
20200709_151632,932122062010,G2,035_power_drill,0,left,72,1.0,data/raw/dexycb/20200709-subject-01/20200709_151632/932122062010,data/cache/gloved/G2/20200709_151632/932122062010
20200709_151632,932122062010,G3a,035_power_drill,0,left,72,1.0,data/raw/dexycb/20200709-subject-01/20200709_151632/932122062010,data/cache/gloved/G3a/20200709_151632/932122062010
20200709_151632,932122062010,G3b_k1,035_power_drill,0,left,72,1.0,data/raw/dexycb/20200709-subject-01/20200709_151632/932122062010,data/cache/gloved/G3b_k1/20200709_151632/932122062010
20200709_151632,932122062010,G3b_k2,035_power_drill,0,left,72,1.0,data/raw/dexycb/20200709-subject-01/20200709_151632/932122062010,data/cache/gloved/G3b_k2/20200709_151632/932122062010
20200709_151632,932122062010,G3b_k3,035_power_drill,0,left,72,1.0,data/raw/dexycb/20200709-subject-01/20200709_151632/932122062010,data/cache/gloved/G3b_k3/20200709_151632/932122062010
20200709_151632,932122062010,G3b_k4,035_power_drill,0,left,72,1.0,data/raw/dexycb/20200709-subject-01/20200709_151632/932122062010,data/cache/gloved/G3b_k4/20200709_151632/932122062010
20200709_151632,932122062010,G4,035_power_drill,0,left,72,1.0,data/raw/dexycb/20200709-subject-01/20200709_151632/932122062010,data/cache/gloved/G4/20200709_151632/932122062010
20200709_151632,932122062010,G4b_k4,035_power_drill,0,left,72,1.0,data/raw/dexycb/20200709-subject-01/20200709_151632/932122062010,data/cache/gloved/G4b_k4/20200709_151632/932122062010
20200709_151948,932122061900,G0,036_wood_block,0,right,72,0.833,data/raw/dexycb/20200709-subject-01/20200709_151948/932122061900,data/cache/gloved/G0/20200709_151948/932122061900
20200709_151948,932122061900,G1,036_wood_block,0,right,72,0.833,data/raw/dexycb/20200709-subject-01/20200709_151948/932122061900,data/cache/gloved/G1/20200709_151948/932122061900
20200709_151948,932122061900,G2,036_wood_block,0,right,72,0.833,data/raw/dexycb/20200709-subject-01/20200709_151948/932122061900,data/cache/gloved/G2/20200709_151948/932122061900
20200709_151948,932122061900,G3a,036_wood_block,0,right,72,0.833,data/raw/dexycb/20200709-subject-01/20200709_151948/932122061900,data/cache/gloved/G3a/20200709_151948/932122061900
20200709_151948,932122061900,G3b_k1,036_wood_block,0,right,72,0.833,data/raw/dexycb/20200709-subject-01/20200709_151948/932122061900,data/cache/gloved/G3b_k1/20200709_151948/932122061900
20200709_151948,932122061900,G3b_k2,036_wood_block,0,right,72,0.833,data/raw/dexycb/20200709-subject-01/20200709_151948/932122061900,data/cache/gloved/G3b_k2/20200709_151948/932122061900
20200709_151948,932122061900,G3b_k3,036_wood_block,0,right,72,0.833,data/raw/dexycb/20200709-subject-01/20200709_151948/932122061900,data/cache/gloved/G3b_k3/20200709_151948/932122061900
20200709_151948,932122061900,G3b_k4,036_wood_block,0,right,72,0.833,data/raw/dexycb/20200709-subject-01/20200709_151948/932122061900,data/cache/gloved/G3b_k4/20200709_151948/932122061900
20200709_151948,932122061900,G4,036_wood_block,0,right,72,0.833,data/raw/dexycb/20200709-subject-01/20200709_151948/932122061900,data/cache/gloved/G4/20200709_151948/932122061900
20200709_151948,932122061900,G4b_k4,036_wood_block,0,right,72,0.833,data/raw/dexycb/20200709-subject-01/20200709_151948/932122061900,data/cache/gloved/G4b_k4/20200709_151948/932122061900
20200709_151948,932122062010,G0,036_wood_block,0,right,72,0.75,data/raw/dexycb/20200709-subject-01/20200709_151948/932122062010,data/cache/gloved/G0/20200709_151948/932122062010
20200709_151948,932122062010,G1,036_wood_block,0,right,72,0.75,data/raw/dexycb/20200709-subject-01/20200709_151948/932122062010,data/cache/gloved/G1/20200709_151948/932122062010
20200709_151948,932122062010,G2,036_wood_block,0,right,72,0.75,data/raw/dexycb/20200709-subject-01/20200709_151948/932122062010,data/cache/gloved/G2/20200709_151948/932122062010
20200709_151948,932122062010,G3a,036_wood_block,0,right,72,0.75,data/raw/dexycb/20200709-subject-01/20200709_151948/932122062010,data/cache/gloved/G3a/20200709_151948/932122062010
20200709_151948,932122062010,G3b_k1,036_wood_block,0,right,72,0.75,data/raw/dexycb/20200709-subject-01/20200709_151948/932122062010,data/cache/gloved/G3b_k1/20200709_151948/932122062010
20200709_151948,932122062010,G3b_k2,036_wood_block,0,right,72,0.75,data/raw/dexycb/20200709-subject-01/20200709_151948/932122062010,data/cache/gloved/G3b_k2/20200709_151948/932122062010
20200709_151948,932122062010,G3b_k3,036_wood_block,0,right,72,0.75,data/raw/dexycb/20200709-subject-01/20200709_151948/932122062010,data/cache/gloved/G3b_k3/20200709_151948/932122062010
20200709_151948,932122062010,G3b_k4,036_wood_block,0,right,72,0.75,data/raw/dexycb/20200709-subject-01/20200709_151948/932122062010,data/cache/gloved/G3b_k4/20200709_151948/932122062010
20200709_151948,932122062010,G4,036_wood_block,0,right,72,0.75,data/raw/dexycb/20200709-subject-01/20200709_151948/932122062010,data/cache/gloved/G4/20200709_151948/932122062010
20200709_151948,932122062010,G4b_k4,036_wood_block,0,right,72,0.75,data/raw/dexycb/20200709-subject-01/20200709_151948/932122062010,data/cache/gloved/G4b_k4/20200709_151948/932122062010
20200709_152420,932122061900,G0,037_scissors,0,left,74,1.0,data/raw/dexycb/20200709-subject-01/20200709_152420/932122061900,data/cache/gloved/G0/20200709_152420/932122061900
20200709_152420,932122061900,G1,037_scissors,0,left,74,1.0,data/raw/dexycb/20200709-subject-01/20200709_152420/932122061900,data/cache/gloved/G1/20200709_152420/932122061900
20200709_152420,932122061900,G2,037_scissors,0,left,74,1.0,data/raw/dexycb/20200709-subject-01/20200709_152420/932122061900,data/cache/gloved/G2/20200709_152420/932122061900
20200709_152420,932122061900,G3a,037_scissors,0,left,74,1.0,data/raw/dexycb/20200709-subject-01/20200709_152420/932122061900,data/cache/gloved/G3a/20200709_152420/932122061900
20200709_152420,932122061900,G3b_k1,037_scissors,0,left,74,1.0,data/raw/dexycb/20200709-subject-01/20200709_152420/932122061900,data/cache/gloved/G3b_k1/20200709_152420/932122061900
20200709_152420,932122061900,G3b_k2,037_scissors,0,left,74,1.0,data/raw/dexycb/20200709-subject-01/20200709_152420/932122061900,data/cache/gloved/G3b_k2/20200709_152420/932122061900
20200709_152420,932122061900,G3b_k3,037_scissors,0,left,74,1.0,data/raw/dexycb/20200709-subject-01/20200709_152420/932122061900,data/cache/gloved/G3b_k3/20200709_152420/932122061900
20200709_152420,932122061900,G3b_k4,037_scissors,0,left,74,1.0,data/raw/dexycb/20200709-subject-01/20200709_152420/932122061900,data/cache/gloved/G3b_k4/20200709_152420/932122061900
20200709_152420,932122061900,G4,037_scissors,0,left,74,1.0,data/raw/dexycb/20200709-subject-01/20200709_152420/932122061900,data/cache/gloved/G4/20200709_152420/932122061900
20200709_152420,932122061900,G4b_k4,037_scissors,0,left,74,1.0,data/raw/dexycb/20200709-subject-01/20200709_152420/932122061900,data/cache/gloved/G4b_k4/20200709_152420/932122061900
20200709_152420,932122062010,G0,037_scissors,0,left,74,1.0,data/raw/dexycb/20200709-subject-01/20200709_152420/932122062010,data/cache/gloved/G0/20200709_152420/932122062010
20200709_152420,932122062010,G1,037_scissors,0,left,74,1.0,data/raw/dexycb/20200709-subject-01/20200709_152420/932122062010,data/cache/gloved/G1/20200709_152420/932122062010
20200709_152420,932122062010,G2,037_scissors,0,left,74,1.0,data/raw/dexycb/20200709-subject-01/20200709_152420/932122062010,data/cache/gloved/G2/20200709_152420/932122062010
20200709_152420,932122062010,G3a,037_scissors,0,left,74,1.0,data/raw/dexycb/20200709-subject-01/20200709_152420/932122062010,data/cache/gloved/G3a/20200709_152420/932122062010
20200709_152420,932122062010,G3b_k1,037_scissors,0,left,74,1.0,data/raw/dexycb/20200709-subject-01/20200709_152420/932122062010,data/cache/gloved/G3b_k1/20200709_152420/932122062010
20200709_152420,932122062010,G3b_k2,037_scissors,0,left,74,1.0,data/raw/dexycb/20200709-subject-01/20200709_152420/932122062010,data/cache/gloved/G3b_k2/20200709_152420/932122062010
20200709_152420,932122062010,G3b_k3,037_scissors,0,left,74,1.0,data/raw/dexycb/20200709-subject-01/20200709_152420/932122062010,data/cache/gloved/G3b_k3/20200709_152420/932122062010
20200709_152420,932122062010,G3b_k4,037_scissors,0,left,74,1.0,data/raw/dexycb/20200709-subject-01/20200709_152420/932122062010,data/cache/gloved/G3b_k4/20200709_152420/932122062010
20200709_152420,932122062010,G4,037_scissors,0,left,74,1.0,data/raw/dexycb/20200709-subject-01/20200709_152420/932122062010,data/cache/gloved/G4/20200709_152420/932122062010
20200709_152420,932122062010,G4b_k4,037_scissors,0,left,74,1.0,data/raw/dexycb/20200709-subject-01/20200709_152420/932122062010,data/cache/gloved/G4b_k4/20200709_152420/932122062010
20200709_152757,932122061900,G0,040_large_marker,0,left,72,1.0,data/raw/dexycb/20200709-subject-01/20200709_152757/932122061900,data/cache/gloved/G0/20200709_152757/932122061900
20200709_152757,932122061900,G1,040_large_marker,0,left,72,1.0,data/raw/dexycb/20200709-subject-01/20200709_152757/932122061900,data/cache/gloved/G1/20200709_152757/932122061900
20200709_152757,932122061900,G2,040_large_marker,0,left,72,1.0,data/raw/dexycb/20200709-subject-01/20200709_152757/932122061900,data/cache/gloved/G2/20200709_152757/932122061900
20200709_152757,932122061900,G3a,040_large_marker,0,left,72,1.0,data/raw/dexycb/20200709-subject-01/20200709_152757/932122061900,data/cache/gloved/G3a/20200709_152757/932122061900
20200709_152757,932122061900,G3b_k1,040_large_marker,0,left,72,1.0,data/raw/dexycb/20200709-subject-01/20200709_152757/932122061900,data/cache/gloved/G3b_k1/20200709_152757/932122061900
20200709_152757,932122061900,G3b_k2,040_large_marker,0,left,72,1.0,data/raw/dexycb/20200709-subject-01/20200709_152757/932122061900,data/cache/gloved/G3b_k2/20200709_152757/932122061900
20200709_152757,932122061900,G3b_k3,040_large_marker,0,left,72,1.0,data/raw/dexycb/20200709-subject-01/20200709_152757/932122061900,data/cache/gloved/G3b_k3/20200709_152757/932122061900
20200709_152757,932122061900,G3b_k4,040_large_marker,0,left,72,1.0,data/raw/dexycb/20200709-subject-01/20200709_152757/932122061900,data/cache/gloved/G3b_k4/20200709_152757/932122061900
20200709_152757,932122061900,G4,040_large_marker,0,left,72,1.0,data/raw/dexycb/20200709-subject-01/20200709_152757/932122061900,data/cache/gloved/G4/20200709_152757/932122061900
20200709_152757,932122061900,G4b_k4,040_large_marker,0,left,72,1.0,data/raw/dexycb/20200709-subject-01/20200709_152757/932122061900,data/cache/gloved/G4b_k4/20200709_152757/932122061900
20200709_152757,932122062010,G0,040_large_marker,0,left,72,1.0,data/raw/dexycb/20200709-subject-01/20200709_152757/932122062010,data/cache/gloved/G0/20200709_152757/932122062010
20200709_152757,932122062010,G1,040_large_marker,0,left,72,1.0,data/raw/dexycb/20200709-subject-01/20200709_152757/932122062010,data/cache/gloved/G1/20200709_152757/932122062010
20200709_152757,932122062010,G2,040_large_marker,0,left,72,1.0,data/raw/dexycb/20200709-subject-01/20200709_152757/932122062010,data/cache/gloved/G2/20200709_152757/932122062010
20200709_152757,932122062010,G3a,040_large_marker,0,left,72,1.0,data/raw/dexycb/20200709-subject-01/20200709_152757/932122062010,data/cache/gloved/G3a/20200709_152757/932122062010
20200709_152757,932122062010,G3b_k1,040_large_marker,0,left,72,1.0,data/raw/dexycb/20200709-subject-01/20200709_152757/932122062010,data/cache/gloved/G3b_k1/20200709_152757/932122062010
20200709_152757,932122062010,G3b_k2,040_large_marker,0,left,72,1.0,data/raw/dexycb/20200709-subject-01/20200709_152757/932122062010,data/cache/gloved/G3b_k2/20200709_152757/932122062010
20200709_152757,932122062010,G3b_k3,040_large_marker,0,left,72,1.0,data/raw/dexycb/20200709-subject-01/20200709_152757/932122062010,data/cache/gloved/G3b_k3/20200709_152757/932122062010
20200709_152757,932122062010,G3b_k4,040_large_marker,0,left,72,1.0,data/raw/dexycb/20200709-subject-01/20200709_152757/932122062010,data/cache/gloved/G3b_k4/20200709_152757/932122062010
20200709_152757,932122062010,G4,040_large_marker,0,left,72,1.0,data/raw/dexycb/20200709-subject-01/20200709_152757/932122062010,data/cache/gloved/G4/20200709_152757/932122062010
20200709_152757,932122062010,G4b_k4,040_large_marker,0,left,72,1.0,data/raw/dexycb/20200709-subject-01/20200709_152757/932122062010,data/cache/gloved/G4b_k4/20200709_152757/932122062010
20200709_153148,932122061900,G0,052_extra_large_clamp,0,right,72,1.0,data/raw/dexycb/20200709-subject-01/20200709_153148/932122061900,data/cache/gloved/G0/20200709_153148/932122061900
20200709_153148,932122061900,G1,052_extra_large_clamp,0,right,72,1.0,data/raw/dexycb/20200709-subject-01/20200709_153148/932122061900,data/cache/gloved/G1/20200709_153148/932122061900
20200709_153148,932122061900,G2,052_extra_large_clamp,0,right,72,1.0,data/raw/dexycb/20200709-subject-01/20200709_153148/932122061900,data/cache/gloved/G2/20200709_153148/932122061900
20200709_153148,932122061900,G3a,052_extra_large_clamp,0,right,72,1.0,data/raw/dexycb/20200709-subject-01/20200709_153148/932122061900,data/cache/gloved/G3a/20200709_153148/932122061900
20200709_153148,932122061900,G3b_k1,052_extra_large_clamp,0,right,72,1.0,data/raw/dexycb/20200709-subject-01/20200709_153148/932122061900,data/cache/gloved/G3b_k1/20200709_153148/932122061900
20200709_153148,932122061900,G3b_k2,052_extra_large_clamp,0,right,72,1.0,data/raw/dexycb/20200709-subject-01/20200709_153148/932122061900,data/cache/gloved/G3b_k2/20200709_153148/932122061900
20200709_153148,932122061900,G3b_k3,052_extra_large_clamp,0,right,72,1.0,data/raw/dexycb/20200709-subject-01/20200709_153148/932122061900,data/cache/gloved/G3b_k3/20200709_153148/932122061900
20200709_153148,932122061900,G3b_k4,052_extra_large_clamp,0,right,72,1.0,data/raw/dexycb/20200709-subject-01/20200709_153148/932122061900,data/cache/gloved/G3b_k4/20200709_153148/932122061900
20200709_153148,932122061900,G4,052_extra_large_clamp,0,right,72,1.0,data/raw/dexycb/20200709-subject-01/20200709_153148/932122061900,data/cache/gloved/G4/20200709_153148/932122061900
20200709_153148,932122061900,G4b_k4,052_extra_large_clamp,0,right,72,1.0,data/raw/dexycb/20200709-subject-01/20200709_153148/932122061900,data/cache/gloved/G4b_k4/20200709_153148/932122061900
20200709_153148,932122062010,G0,052_extra_large_clamp,0,right,72,1.0,data/raw/dexycb/20200709-subject-01/20200709_153148/932122062010,data/cache/gloved/G0/20200709_153148/932122062010
20200709_153148,932122062010,G1,052_extra_large_clamp,0,right,72,1.0,data/raw/dexycb/20200709-subject-01/20200709_153148/932122062010,data/cache/gloved/G1/20200709_153148/932122062010
20200709_153148,932122062010,G2,052_extra_large_clamp,0,right,72,1.0,data/raw/dexycb/20200709-subject-01/20200709_153148/932122062010,data/cache/gloved/G2/20200709_153148/932122062010
20200709_153148,932122062010,G3a,052_extra_large_clamp,0,right,72,1.0,data/raw/dexycb/20200709-subject-01/20200709_153148/932122062010,data/cache/gloved/G3a/20200709_153148/932122062010
20200709_153148,932122062010,G3b_k1,052_extra_large_clamp,0,right,72,1.0,data/raw/dexycb/20200709-subject-01/20200709_153148/932122062010,data/cache/gloved/G3b_k1/20200709_153148/932122062010
20200709_153148,932122062010,G3b_k2,052_extra_large_clamp,0,right,72,1.0,data/raw/dexycb/20200709-subject-01/20200709_153148/932122062010,data/cache/gloved/G3b_k2/20200709_153148/932122062010
20200709_153148,932122062010,G3b_k3,052_extra_large_clamp,0,right,72,1.0,data/raw/dexycb/20200709-subject-01/20200709_153148/932122062010,data/cache/gloved/G3b_k3/20200709_153148/932122062010
20200709_153148,932122062010,G3b_k4,052_extra_large_clamp,0,right,72,1.0,data/raw/dexycb/20200709-subject-01/20200709_153148/932122062010,data/cache/gloved/G3b_k4/20200709_153148/932122062010
20200709_153148,932122062010,G4,052_extra_large_clamp,0,right,72,1.0,data/raw/dexycb/20200709-subject-01/20200709_153148/932122062010,data/cache/gloved/G4/20200709_153148/932122062010
20200709_153148,932122062010,G4b_k4,052_extra_large_clamp,0,right,72,1.0,data/raw/dexycb/20200709-subject-01/20200709_153148/932122062010,data/cache/gloved/G4b_k4/20200709_153148/932122062010
20200709_153548,932122061900,G0,061_foam_brick,0,right,72,0.917,data/raw/dexycb/20200709-subject-01/20200709_153548/932122061900,data/cache/gloved/G0/20200709_153548/932122061900
20200709_153548,932122061900,G1,061_foam_brick,0,right,72,0.917,data/raw/dexycb/20200709-subject-01/20200709_153548/932122061900,data/cache/gloved/G1/20200709_153548/932122061900
20200709_153548,932122061900,G2,061_foam_brick,0,right,72,0.917,data/raw/dexycb/20200709-subject-01/20200709_153548/932122061900,data/cache/gloved/G2/20200709_153548/932122061900
20200709_153548,932122061900,G3a,061_foam_brick,0,right,72,0.917,data/raw/dexycb/20200709-subject-01/20200709_153548/932122061900,data/cache/gloved/G3a/20200709_153548/932122061900
20200709_153548,932122061900,G3b_k1,061_foam_brick,0,right,72,0.917,data/raw/dexycb/20200709-subject-01/20200709_153548/932122061900,data/cache/gloved/G3b_k1/20200709_153548/932122061900
20200709_153548,932122061900,G3b_k2,061_foam_brick,0,right,72,0.917,data/raw/dexycb/20200709-subject-01/20200709_153548/932122061900,data/cache/gloved/G3b_k2/20200709_153548/932122061900
20200709_153548,932122061900,G3b_k3,061_foam_brick,0,right,72,0.917,data/raw/dexycb/20200709-subject-01/20200709_153548/932122061900,data/cache/gloved/G3b_k3/20200709_153548/932122061900
20200709_153548,932122061900,G3b_k4,061_foam_brick,0,right,72,0.917,data/raw/dexycb/20200709-subject-01/20200709_153548/932122061900,data/cache/gloved/G3b_k4/20200709_153548/932122061900
20200709_153548,932122061900,G4,061_foam_brick,0,right,72,0.917,data/raw/dexycb/20200709-subject-01/20200709_153548/932122061900,data/cache/gloved/G4/20200709_153548/932122061900
20200709_153548,932122061900,G4b_k4,061_foam_brick,0,right,72,0.917,data/raw/dexycb/20200709-subject-01/20200709_153548/932122061900,data/cache/gloved/G4b_k4/20200709_153548/932122061900
20200709_153548,932122062010,G0,061_foam_brick,0,right,72,0.917,data/raw/dexycb/20200709-subject-01/20200709_153548/932122062010,data/cache/gloved/G0/20200709_153548/932122062010
20200709_153548,932122062010,G1,061_foam_brick,0,right,72,0.917,data/raw/dexycb/20200709-subject-01/20200709_153548/932122062010,data/cache/gloved/G1/20200709_153548/932122062010
20200709_153548,932122062010,G2,061_foam_brick,0,right,72,0.917,data/raw/dexycb/20200709-subject-01/20200709_153548/932122062010,data/cache/gloved/G2/20200709_153548/932122062010
20200709_153548,932122062010,G3a,061_foam_brick,0,right,72,0.917,data/raw/dexycb/20200709-subject-01/20200709_153548/932122062010,data/cache/gloved/G3a/20200709_153548/932122062010
20200709_153548,932122062010,G3b_k1,061_foam_brick,0,right,72,0.917,data/raw/dexycb/20200709-subject-01/20200709_153548/932122062010,data/cache/gloved/G3b_k1/20200709_153548/932122062010
20200709_153548,932122062010,G3b_k2,061_foam_brick,0,right,72,0.917,data/raw/dexycb/20200709-subject-01/20200709_153548/932122062010,data/cache/gloved/G3b_k2/20200709_153548/932122062010
20200709_153548,932122062010,G3b_k3,061_foam_brick,0,right,72,0.917,data/raw/dexycb/20200709-subject-01/20200709_153548/932122062010,data/cache/gloved/G3b_k3/20200709_153548/932122062010
20200709_153548,932122062010,G3b_k4,061_foam_brick,0,right,72,0.917,data/raw/dexycb/20200709-subject-01/20200709_153548/932122062010,data/cache/gloved/G3b_k4/20200709_153548/932122062010
20200709_153548,932122062010,G4,061_foam_brick,0,right,72,0.917,data/raw/dexycb/20200709-subject-01/20200709_153548/932122062010,data/cache/gloved/G4/20200709_153548/932122062010
20200709_153548,932122062010,G4b_k4,061_foam_brick,0,right,72,0.917,data/raw/dexycb/20200709-subject-01/20200709_153548/932122062010,data/cache/gloved/G4b_k4/20200709_153548/932122062010
